order_id,date,customer,product,category,amount
1,2026-04-10,Customer_92,,Food,71245rs
2,2026-01-09,Customer_605,Pizza,Food,62655
3,2026-03-27,Customer_290,Fries,Food,4346
4,2026-02-26,Customer_628,Pizza,Food,53536
5,2026-03-13,Customer_7,Roll,Food,68093
6,2026-01-08,Customer_290,Roll,Food,31037
7,2026-03-17,Customer_78,Fries,Food,94688
8,2026-03-04,Customer_776,Roll,Food,77866
9,2026-02-27,Customer_480,Pizza,Food,2474rs
10,2026-04-06,Customer_41,Burger,Food,33962
11,2026-02-15,Customer_387,Combo,Food,14990
12,2026-01-05,Customer_170,Pasta,Food,6054
13,2026-03-07,Customer_789,Combo,Food,36290
14,2026-02-12,Customer_488,,Food,53917
15,2026-04-21,Customer_714,Pasta,Food,13649
16,2026-04-10,Customer_775,Combo,Food,32043
17,2026-03-25,Customer_94,Pizza,Food,69374
18,2026-03-16,Customer_167,Sandwich,Food,44305
19,2026-03-01,Customer_325,Burger,Food,68953
20,2026-03-27,Customer_566,Roll,Food,60643
21,2026-02-14,Customer_407,Roll,Food,N/A
22,2026-01-05,Customer_126,Sandwich,Food,44468rs
23,2026-01-14,Customer_569,Pizza,Food,43715
24,2026-01-26,Customer_201,Pizza,Food,48341
25,2026-01-31,Customer_606,Fries,Food,12381
26,2026-02-24,Customer_755,Fries,Food,N/A
27,2026-03-11,Customer_25,Combo,Food,97310
28,2026-02-12,Customer_719,Sandwich,Food,27109
29,2026-02-10,Customer_275,Sandwich,Food,5222
30,2026-03-10,Customer_789,Sandwich,Food,87951rs
31,2026-04-19,Customer_278,Roll,Food,33524
32,2026-04-21,Customer_591,Pizza,Food,21594
33,2026-05-01,Customer_692,Pizza,Food,7754
34,2026-01-10,Customer_412,Pizza,Food,89307
35,2026-03-24,Customer_499,Fries,Food,6369
36,2026-01-05,Customer_705,Burger,Food,38902
37,2026-02-05,Customer_529,Roll,Food,45631
38,2026-03-21,Customer_60,Roll,Food,99686
39,2026-01-12,Customer_380,Fries,Food,58356
40,2026-01-12,Customer_101,Roll,Food,31463
41,2026-01-14,Customer_683,,Food,34743
42,2026-02-24,Customer_14,Biryani,Food,58437
43,2026-02-18,Customer_5,Fries,Food,73509
44,2026-04-25,Customer_335,Pasta,Food,N/A
45,2026-01-19,Customer_116,Pasta,Food,9465
46,2026-04-26,Customer_107,Roll,Food,95482
47,2026-04-10,Customer_57,Combo,Food,21109
48,2026-04-19,Customer_280,,Food,40903rs
49,2026-02-05,Customer_328,Burger,Food,38605
50,2026-01-12,,Biryani,Food,97566
51,2026-01-21,Customer_422,Pizza,Food,59975
52,2026-02-01,Customer_111,Biryani,Food,67213
53,2026-04-08,Customer_643,Burger,Food,58055
54,2026-03-16,Customer_497,Combo,Food,29748
55,2026-04-08,Customer_204,Sandwich,Food,31212
56,2026-02-03,Customer_334,Sandwich,Food,12657
57,2026-03-31,Customer_162,Burger,Food,10394
58,2026-03-26,Customer_403,,Food,62049
59,2026-04-25,Customer_705,Sandwich,Food,1967
60,2026-02-13,Customer_320,,Food,14851
61,2026-03-07,Customer_452,Pizza,Food,N/A
62,2026-02-24,Customer_444,,Food,60827
63,2026-01-24,Customer_399,Sandwich,Food,40942
64,2026-04-12,Customer_336,Fries,Food,20271
65,2026-02-04,Customer_400,Pasta,Food,49072
66,2026-04-30,Customer_146,Biryani,Food,64069
67,2026-01-30,,Pasta,food,79304
68,2026-01-12,Customer_554,Fries,Food,3561
69,2026-01-02,Customer_794,Combo,Food,22162
70,2026-01-29,Customer_664,Burger,Food,68919
71,2026-04-02,Customer_763,Sandwich,Food,68256
72,2026-03-19,Customer_68,Biryani,Food,87605
73,2026-01-20,Customer_165,Burger,Food,6852
74,2026-01-01,Customer_171,Burger,Food,66932
75,2026-04-18,Customer_617,Pasta,Food,76559rs
76,2026-04-08,Customer_78,Pasta,Food,6171
77,2026-03-02,Customer_69,Fries,Food,61853
78,2026-04-03,Customer_670,Combo,food,42877
79,2026-04-25,Customer_460,Fries,Food,16119
80,2026-02-24,Customer_181,Combo,food,16416
81,2026-01-15,Customer_302,Roll,Food,99659
82,2026-04-25,Customer_505,Fries,Food,26883
83,2026-01-17,Customer_312,Pasta,Food,88587
84,2026-03-30,Customer_88,Roll,Food,82507
85,2026-02-12,Customer_517,Biryani,Food,410
86,2026-01-16,Customer_383,Pasta,Food,N/A
87,2026-01-22,Customer_15,Combo,Food,N/A
88,2026-01-26,Customer_50,Biryani,Food,20195
89,2026-01-28,Customer_236,Roll,Food,32704
90,2026-04-17,Customer_785,Pizza,Food,35975
91,2026-02-13,Customer_701,Roll,Food,N/Ars
92,2026-04-03,Customer_709,Combo,Food,27979
93,2026-02-10,Customer_701,Burger,Food,10679
94,2026-01-08,Customer_259,Fries,Food,49826
95,2026-03-19,Customer_496,Roll,Food,24428
96,2026-03-19,Customer_408,Pasta,Food,6218
97,2026-04-04,Customer_713,Roll,Food,78438
98,2026-04-25,Customer_705,Burger,Food,7157
99,2026-03-11,Customer_399,Combo,food,3402
100,2026-01-13,Customer_498,Burger,Food,21889
101,2026-03-29,Customer_403,Combo,Food,96965
102,2026-01-21,Customer_346,Biryani,Food,34807
103,2026-02-18,Customer_253,Pasta,Food,77438
104,2026-03-14,Customer_610,Fries,Food,42279
105,2026-02-22,Customer_473,Pasta,Food,92420
106,2026-04-11,Customer_442,Fries,Food,34457
107,2026-03-15,Customer_378,Fries,food,83186
108,2026-01-31,Customer_67,Sandwich,Food,44271
109,2026-03-18,Customer_424,,Food,10943
110,2026-02-21,Customer_426,Fries,Food,20655
111,2026-02-02,Customer_757,Burger,Food,76386
112,2026-02-02,Customer_410,Fries,Food,71988
113,2026-03-21,Customer_644,Pasta,Food,92262
114,2026-03-17,Customer_70,Sandwich,Food,14278
115,2026-02-12,Customer_718,Fries,Food,69009
116,2026-03-14,,Burger,Food,78371
117,2026-05-01,Customer_708,Pasta,Food,15167
118,2026-04-15,Customer_388,Combo,Food,21114
119,2026-04-13,Customer_446,Sandwich,Food,43325
120,2026-03-08,,Burger,Food,42565
121,2026-01-22,Customer_233,Combo,Food,81108
122,2026-04-24,Customer_388,Sandwich,Food,32946
123,2026-03-28,Customer_478,Burger,Food,40024
124,2026-02-05,Customer_321,Burger,Food,98608
125,2026-01-27,Customer_172,Sandwich,Food,66559
126,2026-04-29,Customer_682,Pizza,Food,1562
127,2026-03-19,Customer_161,Roll,Food,9511
128,2026-01-14,Customer_382,Fries,Food,91714
129,2026-01-27,Customer_458,Sandwich,Food,96981
130,2026-04-19,Customer_112,,Food,28824
131,2026-05-01,Customer_110,Fries,Food,70348
132,2026-02-18,Customer_288,Pasta,Food,53262
133,2026-02-01,Customer_572,Pasta,Food,34630
134,2026-04-12,Customer_217,Biryani,Food,40033
135,2026-02-27,Customer_720,Roll,Food,96838
136,2026-01-08,Customer_359,Combo,Food,62387
137,2026-04-10,Customer_733,Fries,Food,70918
138,2026-01-12,Customer_733,Burger,Food,87658
139,2026-03-11,Customer_438,Pasta,Food,77480
140,2026-03-22,Customer_292,Burger,Food,47751
141,2026-03-22,Customer_95,Pizza,Food,40066
142,2026-05-01,Customer_153,Fries,Food,75804
143,2026-02-02,Customer_512,Roll,Food,91716
144,2026-04-22,Customer_50,Sandwich,Food,N/A
145,2026-02-24,Customer_431,Pasta,Food,92839
146,2026-01-05,Customer_446,Burger,Food,1875rs
147,2026-03-20,Customer_583,Sandwich,Food,19154
148,2026-03-23,Customer_536,Roll,Food,46034
149,2026-02-05,Customer_326,Combo,Food,65656
150,2026-02-09,Customer_504,,Food,40594
151,2026-02-10,Customer_765,Sandwich,Food,61833
152,2026-03-27,Customer_333,Pasta,Food,14412
153,2026-03-01,Customer_172,Pasta,Food,27434
154,2026-02-26,Customer_137,Pasta,Food,N/A
155,2026-04-20,Customer_750,Burger,Food,82333
156,2026-02-16,Customer_459,Combo,Food,45104
157,2026-01-27,Customer_779,Biryani,Food,19687
158,2026-02-02,Customer_593,Combo,Food,61318
159,2026-01-12,Customer_391,Fries,Food,46220
160,2026-04-08,Customer_598,Roll,Food,58207
161,2026-04-03,Customer_378,Roll,Food,51874
162,2026-03-09,Customer_171,Pizza,Food,11468
163,2026-02-03,Customer_182,Pasta,Food,65845
164,2026-03-08,Customer_573,Roll,Food,1588
165,2026-02-28,Customer_370,Pizza,Food,98174
166,2026-03-18,Customer_392,Sandwich,Food,57814
167,2026-03-22,Customer_377,Fries,food,82484
168,2026-03-18,Customer_415,Sandwich,Food,93480
169,2026-01-24,Customer_59,Pizza,food,18855
170,2026-01-11,Customer_239,Fries,Food,68224
171,2026-02-23,Customer_182,Pasta,Food,91696
172,2026-01-29,Customer_365,Pasta,Food,53847
173,2026-03-21,,Roll,Food,3541
174,2026-02-14,Customer_200,Burger,Food,46267
175,2026-01-30,Customer_405,Pizza,Food,38760
176,2026-02-26,Customer_782,Roll,Food,29693
177,2026-04-04,Customer_305,Combo,Food,33478
178,2026-04-05,Customer_637,Pasta,Food,20780
179,2026-03-16,Customer_291,Pasta,Food,66835
180,2026-01-02,Customer_553,Pasta,Food,28526
181,2026-04-10,Customer_395,,Food,19639
182,2026-01-31,Customer_687,Pizza,Food,35158
183,2026-02-14,Customer_678,Sandwich,Food,31462
184,2026-02-08,Customer_301,Sandwich,Food,28581
185,2026-01-28,Customer_695,Pasta,Food,98639
186,2026-02-25,Customer_650,Pasta,Food,37864
187,2026-03-11,Customer_325,Pasta,Food,10534
188,2026-01-07,Customer_481,Roll,Food,42497
189,2026-04-07,Customer_20,Roll,Food,16051
190,2026-03-08,Customer_97,Fries,Food,72920
191,2026-03-31,Customer_164,Combo,Food,81070
192,2026-02-11,Customer_645,Biryani,Food,62600
193,2026-04-17,Customer_441,Burger,Food,97112
194,2026-03-23,Customer_576,Biryani,Food,66842
195,2026-01-09,Customer_735,Combo,food,13239
196,2026-02-01,Customer_447,Fries,Food,19609
197,2026-02-19,Customer_582,Sandwich,Food,39628
198,2026-02-17,Customer_52,,Food,7277
199,2026-04-12,Customer_207,Combo,Food,11882
200,2026-03-23,Customer_659,Roll,Food,26220
201,2026-04-15,Customer_782,Sandwich,Food,44171
202,2026-04-11,Customer_154,Biryani,Food,46595
203,2026-02-11,Customer_632,Sandwich,Food,64543
204,2026-01-04,Customer_467,Biryani,Food,74666
205,2026-02-16,Customer_498,Biryani,Food,90071
206,2026-04-20,Customer_429,Burger,Food,82402
207,2026-01-14,Customer_266,Sandwich,Food,21548rs
208,2026-04-14,Customer_24,Biryani,Food,16135
209,2026-04-12,,,Food,24993
210,2026-01-03,Customer_499,Burger,Food,42571
211,2026-04-02,Customer_429,Pasta,Food,22933
212,2026-04-01,Customer_145,Burger,Food,N/A
213,2026-03-04,Customer_13,Burger,Food,3921
214,2026-01-24,Customer_621,Biryani,Food,40993
215,2026-01-04,,Combo,Food,62798
216,2026-04-25,Customer_298,Sandwich,Food,77320
217,2026-02-06,Customer_40,Fries,Food,72562
218,2026-03-29,Customer_590,Combo,Food,N/A
219,2026-02-18,Customer_458,Pizza,Food,32193
220,2026-01-22,Customer_516,Burger,Food,34861
221,2026-04-05,Customer_88,Pizza,Food,N/A
222,2026-03-18,Customer_523,Combo,Food,78290
223,2026-03-28,Customer_304,Roll,Food,84703
224,2026-04-21,Customer_441,Burger,food,26525
225,2026-04-10,Customer_222,Burger,Food,66057
226,2026-03-21,Customer_301,Pizza,Food,50967
227,2026-03-12,Customer_448,Burger,Food,46633
228,2026-03-23,Customer_376,Burger,food,42571
229,2026-03-22,Customer_479,Pasta,Food,94322
230,2026-03-26,Customer_422,,Food,9030
231,2026-03-14,Customer_340,Pizza,Food,15602
232,2026-04-17,Customer_664,Burger,Food,86388
233,2026-01-01,Customer_61,Fries,Food,96702rs
234,2026-04-23,Customer_465,Pasta,Food,16638
235,2026-01-28,Customer_685,Pasta,Food,17256
236,2026-01-13,,Pasta,Food,N/A
237,2026-02-23,Customer_553,Roll,Food,24977
238,2026-02-06,Customer_345,Fries,Food,35200
239,2026-02-09,Customer_694,Sandwich,Food,90210
240,2026-02-18,Customer_82,Biryani,Food,51974
241,2026-03-17,Customer_117,Burger,Food,11069
242,2026-03-15,Customer_210,Roll,Food,80741
243,2026-01-27,Customer_432,,Food,973
244,2026-04-30,Customer_226,Fries,Food,3514
245,2026-04-04,Customer_332,Combo,Food,28735
246,2026-01-11,Customer_11,Combo,Food,37458
247,2026-01-03,Customer_618,Pasta,Food,51260
248,2026-02-09,Customer_285,Roll,Food,35619
249,2026-04-28,Customer_493,Fries,Food,64901
250,2026-01-15,Customer_710,Combo,Food,81112
251,2026-01-21,Customer_251,Sandwich,Food,44896
252,2026-02-20,Customer_475,Combo,Food,341
253,2026-02-20,Customer_736,Burger,Food,80159
254,2026-04-13,Customer_685,Roll,Food,97100
255,2026-03-11,Customer_179,Biryani,Food,95973
256,2026-04-22,Customer_177,Roll,Food,42646
257,2026-02-10,Customer_92,,Food,4897
258,2026-03-29,Customer_724,Biryani,Food,N/A
259,2026-04-11,Customer_785,Roll,Food,11064
260,2026-04-17,Customer_303,Roll,food,91265
261,2026-03-09,Customer_217,Fries,Food,93011
262,2026-03-20,Customer_282,Biryani,Food,40827
263,2026-02-08,Customer_667,Fries,Food,43288
264,2026-03-14,Customer_535,Pizza,Food,32005
265,2026-01-02,Customer_144,Burger,Food,2270
266,2026-02-17,Customer_453,Roll,Food,21749
267,2026-01-12,Customer_392,Pizza,Food,37582
268,2026-01-06,Customer_197,Fries,Food,27464
269,2026-04-20,Customer_208,Biryani,Food,67247
270,2026-03-02,Customer_29,Pasta,Food,78172
271,2026-01-17,Customer_310,Sandwich,Food,64962
272,2026-03-07,Customer_567,Sandwich,Food,93644
273,2026-02-02,,Burger,Food,76204
274,2026-03-31,Customer_503,Combo,Food,48208
275,2026-04-04,Customer_197,Pasta,Food,35404
276,2026-02-13,Customer_733,Fries,food,N/A
277,2026-02-28,Customer_615,Pizza,Food,68319rs
278,2026-01-06,Customer_113,Roll,Food,26603
279,2026-02-04,Customer_371,Sandwich,Food,92739
280,2026-02-24,Customer_476,Fries,Food,72986
281,2026-04-25,Customer_24,Biryani,Food,5607
282,2026-03-26,Customer_249,Sandwich,Food,18579
283,2026-01-12,Customer_733,Pasta,Food,98411
284,2026-01-12,Customer_630,Burger,Food,58401
285,2026-01-05,Customer_397,Sandwich,Food,22813
286,2026-02-23,Customer_139,Sandwich,Food,82064
287,2026-04-09,Customer_198,Combo,Food,44387rs
288,2026-03-16,Customer_797,Roll,Food,49328
289,2026-02-07,Customer_666,Biryani,Food,61194
290,2026-02-23,Customer_423,Fries,Food,77075
291,2026-01-14,Customer_595,Combo,Food,N/A
292,2026-02-08,Customer_771,Biryani,Food,23476
293,2026-01-05,Customer_697,Roll,Food,11458
294,2026-03-06,Customer_332,,food,N/A
295,2026-04-13,Customer_26,Roll,Food,65600
296,2026-01-25,Customer_215,Pizza,Food,82580
297,2026-01-26,Customer_233,Fries,Food,40207
298,2026-02-19,Customer_89,Sandwich,Food,28396
299,2026-03-05,Customer_711,Biryani,Food,31365
300,2026-03-07,Customer_157,,Food,6094
301,2026-03-15,Customer_444,Burger,Food,79942
302,2026-01-27,Customer_294,Roll,Food,72684
303,2026-01-30,Customer_749,Sandwich,Food,42883
304,2026-01-22,Customer_279,Combo,Food,61422
305,2026-03-24,Customer_341,Pizza,Food,40512
306,2026-02-28,Customer_90,Combo,Food,35177
307,2026-02-21,Customer_732,Fries,Food,89933rs
308,2026-01-08,Customer_316,Roll,Food,21862
309,2026-02-08,Customer_79,Roll,Food,N/A
310,2026-02-04,,Combo,Food,4709
311,2026-01-11,Customer_112,Combo,Food,95135
312,2026-02-18,,Fries,Food,82513
313,2026-04-18,Customer_564,Roll,Food,38667
314,2026-04-04,Customer_279,,Food,53967
315,2026-01-30,Customer_194,Burger,Food,N/A
316,2026-01-17,Customer_565,Combo,Food,7599
317,2026-04-28,Customer_12,Pizza,Food,3461
318,2026-03-12,Customer_77,Biryani,Food,4201
319,2026-03-17,Customer_750,Sandwich,Food,48422
320,2026-02-26,,Combo,Food,92851
321,2026-03-04,Customer_23,Roll,Food,36553
322,2026-02-16,Customer_391,Pizza,Food,46310
323,2026-02-18,Customer_732,Combo,Food,90875
324,2026-03-03,Customer_294,Combo,Food,N/A
325,2026-03-08,Customer_594,Pasta,Food,94393
326,2026-01-31,Customer_40,Pasta,Food,8714
327,2026-04-25,Customer_286,Biryani,Food,96122
328,2026-02-22,Customer_649,Pizza,Food,86053
329,2026-04-03,Customer_145,Biryani,Food,21577
330,2026-02-26,Customer_484,Sandwich,Food,86480
331,2026-04-23,Customer_507,Burger,Food,9643
332,2026-04-06,Customer_47,Pasta,Food,94534
333,2026-02-04,Customer_272,Pizza,Food,45780
334,2026-03-31,Customer_760,Roll,Food,37825rs
335,2026-03-16,Customer_571,Pizza,food,26523
336,2026-04-04,Customer_610,Biryani,Food,76780
337,2026-03-29,Customer_395,Combo,Food,59400
338,2026-02-22,Customer_59,Sandwich,Food,11653
339,2026-04-27,Customer_164,Pasta,Food,84407
340,2026-02-21,Customer_289,Pasta,Food,7497
341,2026-03-02,Customer_581,Pasta,Food,5154
342,2026-01-19,Customer_88,Biryani,food,64366
343,2026-03-29,Customer_275,Fries,Food,6642
344,2026-01-27,Customer_331,Biryani,Food,14719
345,2026-04-05,Customer_664,Burger,Food,20290
346,2026-01-25,Customer_112,Pizza,Food,99297
347,2026-01-11,Customer_574,,Food,76116
348,2026-04-17,Customer_709,Pasta,Food,76283
349,2026-02-22,Customer_476,Roll,Food,3512
350,2026-04-28,Customer_8,Burger,Food,8810
351,2026-01-26,Customer_530,Combo,Food,53815
352,2026-03-28,Customer_372,Roll,Food,48592
353,2026-04-22,Customer_526,Pizza,food,32808
354,2026-02-07,Customer_344,Pasta,Food,49315
355,2026-01-21,Customer_178,Roll,Food,71497
356,2026-01-27,Customer_235,Sandwich,Food,99361
357,2026-03-11,Customer_402,,Food,45368
358,2026-01-13,Customer_549,Burger,Food,75584
359,2026-01-14,Customer_307,Sandwich,Food,12284
360,2026-01-08,Customer_15,Sandwich,Food,87942
361,2026-01-07,Customer_328,Burger,Food,89166
362,2026-03-11,Customer_779,Pasta,Food,34185
363,2026-04-13,Customer_27,Roll,Food,34158
364,2026-01-16,Customer_176,Pizza,Food,48702
365,2026-01-21,Customer_748,Sandwich,Food,44700
366,2026-02-07,Customer_481,Combo,Food,94254
367,2026-02-09,,Biryani,Food,55463
368,2026-02-27,Customer_409,Pizza,Food,44700
369,2026-02-26,Customer_315,Pizza,Food,71895
370,2026-02-04,Customer_509,Roll,Food,50453
371,2026-03-15,Customer_559,Biryani,Food,14479
372,2026-01-28,Customer_521,Pasta,Food,74743
373,2026-01-15,Customer_187,Pasta,Food,49757
374,2026-02-02,Customer_510,Pasta,food,61318
375,2026-01-09,Customer_10,Biryani,food,86062
376,2026-04-19,Customer_386,Sandwich,Food,47242
377,2026-01-10,Customer_3,Sandwich,food,22705
378,2026-02-28,Customer_157,Pasta,Food,4206
379,2026-02-08,Customer_540,Pizza,Food,53215
380,2026-04-21,Customer_287,Sandwich,Food,62101
381,2026-03-26,Customer_100,Roll,food,62027
382,2026-01-02,Customer_469,Pasta,Food,29275
383,2026-03-20,Customer_92,Pasta,Food,75484
384,2026-01-14,Customer_502,Pizza,Food,97168
385,2026-04-07,Customer_507,Roll,Food,18727
386,2026-01-08,,Roll,Food,8321
387,2026-04-14,Customer_17,Pizza,Food,57957
388,2026-04-23,Customer_315,Pizza,Food,91923
389,2026-04-10,Customer_800,Roll,Food,15350
390,2026-04-19,Customer_111,Biryani,Food,N/A
391,2026-04-13,Customer_120,Pasta,Food,55557
392,2026-01-02,Customer_544,Fries,Food,88930
393,2026-02-17,Customer_476,Pasta,Food,38897
394,2026-03-01,Customer_334,Pasta,Food,N/A
395,2026-03-23,Customer_463,Sandwich,Food,23743
396,2026-01-05,Customer_176,Burger,Food,47433
397,2026-01-19,Customer_14,Burger,Food,44333
398,2026-01-27,Customer_111,Roll,Food,41720
399,2026-04-21,Customer_137,Fries,Food,N/Ars
400,2026-01-23,Customer_466,Burger,Food,22531
401,2026-01-17,Customer_378,Roll,Food,3754
402,2026-03-31,Customer_106,Biryani,Food,65084
403,2026-01-14,Customer_428,Biryani,Food,14214
404,2026-04-08,Customer_173,Sandwich,Food,92961
405,2026-03-13,Customer_66,Roll,Food,44134
406,2026-02-21,Customer_295,Burger,Food,62061
407,2026-02-03,Customer_117,Pasta,Food,N/A
408,2026-04-29,Customer_761,Sandwich,Food,14561
409,2026-02-28,Customer_770,Biryani,Food,30243
410,2026-01-25,Customer_516,Biryani,Food,40125
411,2026-03-19,Customer_180,Fries,Food,13632
412,2026-02-21,Customer_652,Sandwich,Food,9639
413,2026-04-17,Customer_589,Biryani,Food,72985
414,2026-03-17,Customer_399,Pasta,Food,77445
415,2026-04-01,,Roll,Food,57986
416,2026-01-11,Customer_256,Fries,Food,70811
417,2026-03-20,Customer_41,Roll,Food,89096
418,2026-02-26,Customer_266,Roll,Food,72792
419,2026-02-11,Customer_291,Pasta,Food,78036
420,2026-02-14,Customer_643,Pizza,Food,98283
421,2026-03-29,Customer_102,Pasta,Food,12870
422,2026-01-14,Customer_120,Fries,Food,95226
423,2026-02-02,Customer_244,Biryani,Food,72618
424,2026-01-14,Customer_67,,food,86820
425,2026-04-28,Customer_54,Pizza,Food,31787
426,2026-04-01,,Sandwich,Food,90766
427,2026-02-15,Customer_680,Roll,Food,N/A
428,2026-03-29,Customer_567,Biryani,Food,50209
429,2026-03-23,Customer_188,Fries,Food,82711rs
430,2026-01-16,Customer_28,Roll,Food,83067
431,2026-02-06,Customer_109,Burger,Food,N/A
432,2026-03-10,Customer_24,Burger,Food,28686
433,2026-01-28,Customer_326,Biryani,Food,18227
434,2026-02-07,Customer_719,Sandwich,Food,95507
435,2026-02-26,Customer_712,Sandwich,Food,88780
436,2026-01-25,Customer_133,Combo,Food,7809
437,2026-04-08,Customer_492,Roll,Food,8120
438,2026-04-21,Customer_262,Pasta,Food,83606
439,2026-04-06,Customer_298,Burger,food,57964
440,2026-02-16,Customer_13,Combo,Food,17184
441,2026-01-07,Customer_127,Roll,Food,38787
442,2026-04-21,Customer_597,Biryani,Food,70077rs
443,2026-03-14,Customer_556,Combo,Food,48166
444,2026-01-03,Customer_172,Combo,Food,19471
445,2026-04-05,Customer_375,Burger,Food,16530
446,2026-03-13,Customer_790,,Food,N/A
447,2026-02-21,Customer_399,Fries,Food,39780
448,2026-03-05,Customer_761,Pasta,Food,55894
449,2026-04-07,Customer_333,Sandwich,Food,40472
450,2026-03-10,Customer_143,Pizza,Food,71897
451,2026-03-29,Customer_659,Burger,Food,4917
452,2026-03-10,Customer_422,Roll,Food,N/A
453,2026-02-12,Customer_290,Combo,Food,96668
454,2026-01-04,Customer_726,Pasta,Food,57892
455,2026-04-02,Customer_118,Burger,Food,49163
456,2026-01-23,Customer_135,Fries,Food,95642
457,2026-01-29,Customer_42,Sandwich,Food,43311
458,2026-02-28,Customer_298,Burger,Food,55126
459,2026-03-17,Customer_763,Fries,Food,958
460,2026-04-25,Customer_593,Roll,Food,47819
461,2026-02-02,Customer_1,Burger,Food,39150
462,2026-01-29,Customer_187,Fries,Food,21705
463,2026-03-07,Customer_231,Combo,Food,68823
464,2026-02-07,Customer_394,Roll,Food,21792
465,2026-02-02,Customer_329,Roll,Food,7627
466,2026-04-01,Customer_22,Biryani,Food,21262
467,2026-02-16,Customer_661,Pizza,Food,28295
468,2026-01-18,Customer_131,Sandwich,Food,3844
469,2026-01-09,Customer_11,Sandwich,Food,89967
470,2026-03-07,Customer_800,Roll,Food,14818
471,2026-04-13,,Pizza,Food,43028
472,2026-02-23,Customer_377,Combo,Food,8105
473,2026-02-18,Customer_218,Sandwich,Food,59370
474,2026-02-22,Customer_192,Pizza,Food,68782
475,2026-01-10,Customer_573,Biryani,Food,98071
476,2026-02-08,Customer_110,Roll,Food,7158
477,2026-02-26,Customer_26,Pizza,Food,29737
478,2026-02-03,Customer_532,Sandwich,Food,19849
479,2026-01-03,,Sandwich,Food,71048
480,2026-03-18,Customer_406,Pasta,Food,65681
481,2026-04-04,Customer_66,Pasta,Food,66357
482,2026-04-07,Customer_540,,Food,25889
483,2026-02-03,Customer_422,Pizza,Food,6384
484,2026-01-14,Customer_155,Pasta,Food,97418
485,2026-01-03,Customer_247,Fries,Food,64652
486,2026-03-29,Customer_551,Burger,Food,57105
487,2026-04-17,Customer_624,Pasta,Food,76904rs
488,2026-03-30,Customer_55,Fries,food,92141
489,2026-04-04,Customer_791,Roll,Food,4052
490,2026-04-20,Customer_466,Pizza,Food,53136
491,2026-01-14,Customer_486,Sandwich,food,49937
492,2026-01-15,Customer_346,,Food,12843
493,2026-03-19,Customer_570,Combo,Food,31712
494,2026-03-16,Customer_473,Biryani,Food,22192
495,2026-03-30,Customer_684,Pizza,Food,83086
496,2026-01-19,Customer_625,Pizza,Food,62745
497,2026-03-27,Customer_479,Biryani,Food,94721
498,2026-01-20,Customer_145,Biryani,Food,69962
499,2026-02-23,Customer_622,Pasta,Food,46040
500,2026-01-21,Customer_271,Burger,Food,30399
501,2026-02-15,Customer_582,Fries,Food,59235
502,2026-03-05,,Biryani,Food,26153
503,2026-01-16,Customer_106,Combo,Food,36407
504,2026-01-01,Customer_601,Roll,food,48035
505,2026-04-15,Customer_275,Pizza,Food,54392
506,2026-01-28,Customer_313,Pizza,Food,N/A
507,2026-01-27,Customer_520,Sandwich,Food,34229
508,2026-01-26,Customer_428,Roll,Food,45386
509,2026-02-09,,Biryani,Food,35362
510,2026-04-03,Customer_229,Pizza,Food,24055
511,2026-04-28,Customer_5,,Food,13856
512,2026-01-19,Customer_141,Sandwich,Food,94073
513,2026-02-02,Customer_587,Fries,Food,86286
514,2026-02-17,Customer_229,Roll,Food,59572
515,2026-02-12,Customer_218,Pasta,Food,71331
516,2026-04-17,Customer_425,Pizza,Food,94891
517,2026-04-12,Customer_746,Pasta,Food,50088
518,2026-03-14,Customer_237,Roll,Food,6653
519,2026-01-18,Customer_248,Fries,Food,11817
520,2026-04-03,Customer_625,Biryani,Food,75218
521,2026-02-08,Customer_161,Burger,Food,35788
522,2026-02-19,Customer_647,Pasta,Food,3282
523,2026-02-08,Customer_637,Pizza,Food,79314
524,2026-04-20,Customer_77,Combo,Food,56809
525,2026-04-19,Customer_351,Biryani,Food,16366
526,2026-04-24,Customer_775,Pizza,Food,99991
527,2026-02-25,Customer_283,Combo,Food,15026
528,2026-04-16,Customer_355,Burger,Food,33483
529,2026-04-30,Customer_449,Pasta,Food,79888
530,2026-01-27,Customer_465,Sandwich,Food,30070
531,2026-02-25,Customer_671,Pasta,Food,14171
532,2026-04-05,Customer_623,Pasta,Food,41400
533,2026-02-17,Customer_629,Pizza,Food,95189
534,2026-04-20,Customer_563,Roll,Food,56944
535,2026-02-18,Customer_478,Roll,Food,N/A
536,2026-02-10,Customer_731,Combo,Food,17684
537,2026-04-11,Customer_412,Fries,Food,23153
538,2026-03-04,Customer_115,Pizza,Food,86407
539,2026-03-09,Customer_281,Pizza,food,44460
540,2026-04-21,Customer_407,Sandwich,Food,39633
541,2026-03-28,Customer_726,Fries,Food,12268
542,2026-02-08,Customer_359,Fries,Food,19934
543,2026-04-29,Customer_135,Pizza,Food,19517
544,2026-03-25,Customer_697,Biryani,Food,8180
545,2026-01-14,Customer_674,,Food,52450
546,2026-03-09,Customer_274,Pasta,Food,57762
547,2026-03-31,Customer_526,Burger,Food,93311
548,2026-01-25,Customer_502,Pizza,Food,61246rs
549,2026-04-21,,Pasta,Food,63122
550,2026-03-15,Customer_656,Combo,Food,50644
551,2026-04-27,Customer_260,Combo,Food,67478
552,2026-01-05,Customer_74,Biryani,Food,3681
553,2026-01-24,Customer_702,Burger,Food,8739
554,2026-04-05,Customer_253,Pizza,Food,95119
555,2026-03-07,Customer_730,Combo,Food,6513
556,2026-04-11,Customer_299,,Food,28592
557,2026-04-14,Customer_353,Combo,Food,27175
558,2026-03-13,Customer_271,Combo,Food,41393
559,2026-01-14,Customer_47,Combo,Food,N/A
560,2026-03-12,Customer_649,Pasta,Food,N/A
561,2026-03-05,Customer_224,Biryani,Food,78733
562,2026-04-13,Customer_654,Pizza,food,64782
563,2026-01-11,Customer_751,Roll,Food,9037
564,2026-01-24,Customer_164,Fries,Food,52373
565,2026-03-21,Customer_660,Burger,Food,34850rs
566,2026-04-06,Customer_552,Pizza,Food,N/A
567,2026-04-09,Customer_247,Combo,Food,17926
568,2026-01-31,Customer_506,Fries,Food,65205
569,2026-04-13,Customer_723,Burger,Food,77918rs
570,2026-02-25,Customer_446,Sandwich,Food,87241
571,2026-01-11,,Combo,Food,17136
572,2026-01-25,Customer_546,Pasta,Food,80871
573,2026-02-22,Customer_156,Sandwich,Food,81150
574,2026-02-12,Customer_57,Combo,Food,27616
575,2026-03-26,Customer_192,Combo,Food,43616
576,2026-02-04,Customer_35,Burger,Food,98461
577,2026-03-06,,Pasta,Food,88971
578,2026-03-27,,Burger,Food,67768rs
579,2026-03-26,Customer_777,Roll,Food,92124
580,2026-01-19,Customer_671,Burger,Food,81857
581,2026-03-25,Customer_248,,Food,2425
582,2026-02-03,Customer_527,Roll,Food,65584
583,2026-02-23,Customer_247,Sandwich,Food,48704
584,2026-03-02,Customer_298,Pasta,Food,N/A
585,2026-03-30,Customer_595,Roll,Food,5371
586,2026-01-06,Customer_698,Pizza,Food,95980
587,2026-04-11,Customer_466,Burger,Food,74392
588,2026-01-02,Customer_203,Sandwich,Food,17091
589,2026-01-31,Customer_317,Pasta,Food,41718
590,2026-01-08,Customer_666,Combo,Food,26595
591,2026-01-18,Customer_190,Roll,Food,31131
592,2026-04-19,Customer_682,Pizza,Food,93140
593,2026-03-20,Customer_518,Sandwich,Food,21615
594,2026-05-01,Customer_618,Combo,Food,22707
595,2026-02-20,Customer_786,Sandwich,Food,88601
596,2026-02-27,Customer_362,Combo,Food,81325
597,2026-03-26,Customer_117,Fries,Food,71165
598,2026-03-16,Customer_783,Biryani,Food,53946
599,2026-03-21,Customer_108,Fries,food,60514
600,2026-02-23,Customer_550,Sandwich,Food,44699
601,2026-02-24,Customer_524,Combo,Food,89722
602,2026-01-07,Customer_147,Combo,Food,94447
603,2026-02-17,Customer_23,Biryani,Food,16128
604,2026-02-11,Customer_280,Biryani,Food,4210
605,2026-01-26,Customer_789,Pizza,food,33756
606,2026-01-27,Customer_432,Pizza,Food,67076
607,2026-01-20,Customer_381,Pasta,Food,57882
608,2026-03-09,Customer_615,Pasta,Food,80861rs
609,2026-04-17,Customer_385,Roll,Food,45818
610,2026-03-05,Customer_566,,Food,56010
611,2026-02-27,Customer_257,Pasta,Food,81826
612,2026-02-12,,Biryani,Food,N/A
613,2026-03-21,Customer_658,Sandwich,Food,12753
614,2026-04-03,Customer_53,Roll,Food,42296
615,2026-04-21,Customer_63,Sandwich,Food,99229
616,2026-03-19,Customer_589,Biryani,Food,11119
617,2026-01-27,Customer_661,Pizza,Food,83902
618,2026-03-24,Customer_183,Roll,Food,52922
619,2026-03-17,Customer_506,Biryani,Food,75337
620,2026-01-04,Customer_559,Roll,Food,N/Ars
621,2026-01-01,Customer_63,Sandwich,Food,8408
622,2026-04-19,Customer_124,Pizza,Food,14470
623,2026-04-21,Customer_775,Pasta,Food,N/A
624,2026-02-28,Customer_580,Pizza,Food,48576
625,2026-03-29,Customer_238,,Food,31538
626,2026-01-25,Customer_122,Pizza,Food,12192
627,2026-02-24,Customer_279,Roll,food,N/A
628,2026-01-06,Customer_596,Biryani,Food,59327
629,2026-01-21,Customer_406,Burger,Food,88265
630,2026-04-15,Customer_111,Burger,Food,71425
631,2026-02-12,Customer_676,Burger,Food,6030
632,2026-04-06,Customer_507,Sandwich,Food,3466
633,2026-02-19,Customer_470,Fries,Food,16381
634,2026-01-13,Customer_110,Fries,Food,14396
635,2026-02-04,Customer_631,Combo,Food,781
636,2026-04-12,Customer_64,Combo,Food,6107rs
637,2026-03-29,Customer_357,Sandwich,Food,76497rs
638,2026-04-15,Customer_483,Sandwich,Food,97900
639,2026-02-19,Customer_319,Biryani,Food,6986
640,2026-04-23,Customer_69,Pizza,Food,85951
641,2026-05-01,Customer_610,Roll,Food,12827
642,2026-04-22,Customer_468,Burger,Food,68125
643,2026-03-12,Customer_166,Fries,Food,21513
644,2026-02-28,Customer_627,Combo,Food,75071
645,2026-03-25,Customer_5,Burger,Food,11327
646,2026-01-19,Customer_317,Pasta,Food,2782
647,2026-04-08,Customer_330,Combo,Food,N/Ars
648,2026-03-31,Customer_464,Pizza,Food,81164
649,2026-01-16,Customer_226,Burger,Food,64636
650,2026-04-26,Customer_279,Burger,food,21615
651,2026-03-24,Customer_587,Fries,Food,77901
652,2026-01-29,Customer_716,Burger,Food,5998
653,2026-01-28,Customer_86,Roll,Food,79412
654,2026-04-25,Customer_295,Pasta,Food,3971
655,2026-01-12,Customer_662,,Food,70
656,2026-01-04,Customer_726,,Food,93233
657,2026-01-28,Customer_693,Sandwich,Food,N/A
658,2026-01-02,Customer_336,Sandwich,Food,34509
659,2026-01-08,Customer_119,Pasta,Food,81333
660,2026-02-02,Customer_483,Pasta,Food,32585
661,2026-03-01,Customer_476,Fries,Food,27720rs
662,2026-01-06,Customer_140,Combo,Food,87125
663,2026-03-21,Customer_85,Pizza,Food,17541
664,2026-02-06,Customer_418,Pasta,Food,90998
665,2026-01-09,Customer_217,,Food,25250
666,2026-01-23,Customer_509,Fries,Food,52227
667,2026-01-20,Customer_41,Combo,Food,18563
668,2026-03-11,Customer_399,Pizza,Food,60812
669,2026-02-17,Customer_744,Pizza,Food,7388rs
670,2026-01-07,Customer_679,Burger,Food,6740rs
671,2026-02-22,Customer_224,Fries,Food,29510
672,2026-01-26,Customer_127,Biryani,Food,85397
673,2026-01-06,Customer_443,Pizza,Food,32460
674,2026-03-28,Customer_623,Pasta,Food,71493
675,2026-02-13,Customer_270,Combo,Food,47099
676,2026-04-01,Customer_684,Fries,Food,47981
677,2026-03-29,Customer_74,Combo,Food,54689
678,2026-04-03,Customer_523,,Food,29371
679,2026-04-04,Customer_11,Pizza,Food,72505
680,2026-03-28,Customer_374,Combo,Food,42888
681,2026-04-05,Customer_648,Sandwich,Food,24146
682,2026-04-13,Customer_781,Roll,Food,64926
683,2026-01-30,Customer_310,Combo,Food,28946
684,2026-01-15,Customer_565,Burger,Food,26058
685,2026-02-26,Customer_476,,Food,7022
686,2026-03-21,Customer_245,Burger,Food,N/A
687,2026-03-03,Customer_708,Burger,Food,37424
688,2026-04-17,Customer_281,Burger,Food,61127
689,2026-01-26,Customer_752,Roll,Food,92809
690,2026-03-18,Customer_680,Combo,Food,75655
691,2026-03-02,Customer_231,Pizza,Food,10810
692,2026-02-27,Customer_358,Biryani,Food,88103
693,2026-03-17,Customer_778,Burger,Food,64661
694,2026-04-21,Customer_761,Sandwich,Food,98511
695,2026-02-27,Customer_417,Combo,Food,45465
696,2026-01-24,Customer_2,Combo,Food,15378
697,2026-01-25,Customer_61,Pizza,Food,4337
698,2026-04-30,Customer_657,Pasta,Food,46079
699,2026-04-05,Customer_409,Sandwich,Food,4671
700,2026-02-26,Customer_375,Pizza,Food,63832
701,2026-03-09,Customer_516,Biryani,Food,67441rs
702,2026-01-23,Customer_557,Sandwich,Food,13514
703,2026-01-21,Customer_462,Pizza,Food,67073
704,2026-01-08,Customer_93,Roll,Food,92058
705,2026-02-20,Customer_113,,Food,3653
706,2026-01-09,Customer_187,Combo,Food,59248
707,2026-01-01,Customer_764,Combo,Food,9736
708,2026-04-03,Customer_504,Burger,Food,2001
709,2026-01-16,Customer_216,Roll,Food,98818
710,2026-01-26,Customer_323,,Food,31932
711,2026-04-18,Customer_514,Combo,Food,58328
712,2026-04-01,Customer_136,,Food,7021
713,2026-04-25,Customer_560,Fries,Food,14438
714,2026-02-02,Customer_218,Biryani,Food,80348
715,2026-03-22,Customer_302,Burger,Food,61052
716,2026-02-18,,,Food,53255
717,2026-02-09,Customer_598,Burger,Food,51641
718,2026-04-08,Customer_774,Fries,Food,29137
719,2026-01-11,Customer_730,,Food,35212
720,2026-03-27,Customer_49,Fries,Food,19920
721,2026-02-10,Customer_188,Combo,Food,10470
722,2026-01-21,Customer_12,Roll,Food,15209
723,2026-03-03,Customer_199,Biryani,Food,38908
724,2026-01-15,Customer_80,Biryani,Food,36427
725,2026-03-21,Customer_399,,Food,97688
726,2026-04-25,Customer_641,Pasta,Food,77035
727,2026-02-24,Customer_576,Sandwich,Food,76192
728,2026-02-15,Customer_594,Roll,Food,5318
729,2026-04-26,Customer_375,Pizza,Food,69536
730,2026-01-06,Customer_523,Fries,Food,97048
731,2026-03-25,Customer_505,Sandwich,Food,45410
732,2026-04-08,Customer_47,Pizza,Food,6985
733,2026-02-26,Customer_42,Fries,Food,23497
734,2026-02-06,Customer_65,Fries,Food,59508
735,2026-03-30,,Burger,Food,70821
736,2026-04-09,Customer_676,Pasta,Food,92240rs
737,2026-02-19,Customer_11,Biryani,Food,10363rs
738,2026-03-07,Customer_388,Pizza,Food,77607
739,2026-02-19,Customer_400,Roll,Food,91318
740,2026-03-30,Customer_254,Pizza,Food,N/A
741,2026-03-19,Customer_391,Burger,Food,78014
742,2026-01-22,Customer_88,Sandwich,Food,20148
743,2026-03-07,Customer_667,Fries,Food,39020
744,2026-01-01,Customer_252,,Food,87218
745,2026-03-02,Customer_297,Pizza,Food,93710
746,2026-04-01,Customer_157,Pasta,Food,71577
747,2026-01-16,,Combo,Food,69230
748,2026-04-19,,Biryani,Food,33819
749,2026-02-08,Customer_553,Biryani,Food,89372
750,2026-02-16,Customer_282,Burger,Food,38354
751,2026-02-17,Customer_777,Combo,Food,75331
752,2026-03-15,Customer_761,Roll,Food,12749
753,2026-02-23,Customer_291,Pizza,Food,62249
754,2026-03-13,Customer_724,Sandwich,Food,57607
755,2026-03-06,Customer_561,Sandwich,Food,35916
756,2026-04-20,Customer_352,Sandwich,Food,32816
757,2026-02-14,Customer_9,Fries,Food,57653
758,2026-01-06,Customer_179,Sandwich,Food,28451
759,2026-01-24,Customer_542,Pasta,Food,11883
760,2026-03-18,Customer_54,Fries,food,64685
761,2026-04-04,Customer_105,Combo,Food,10158
762,2026-01-02,Customer_247,Biryani,Food,4346
763,2026-01-09,Customer_208,,Food,78131
764,2026-03-21,Customer_17,Combo,Food,33960
765,2026-02-12,,Fries,Food,18111
766,2026-04-12,Customer_408,Roll,Food,10034
767,2026-03-24,Customer_99,Fries,Food,90492
768,2026-05-01,,Biryani,Food,28391
769,2026-04-11,Customer_373,Combo,Food,9068
770,2026-01-07,Customer_128,Roll,Food,8669
771,2026-02-17,Customer_85,Pizza,Food,62828
772,2026-02-20,Customer_315,Biryani,Food,54165
773,2026-01-05,Customer_461,Sandwich,Food,76938
774,2026-01-08,Customer_44,Burger,Food,95917
775,2026-03-22,Customer_84,Roll,Food,65664
776,2026-02-24,Customer_445,Biryani,Food,8540
777,2026-03-16,Customer_208,Pasta,Food,9227
778,2026-03-15,Customer_700,Pizza,Food,5569
779,2026-01-31,Customer_744,Pizza,food,37916
780,2026-01-14,Customer_452,Burger,Food,22556rs
781,2026-03-27,Customer_68,,Food,2532
782,2026-01-23,Customer_761,Pizza,Food,30049
783,2026-01-29,Customer_3,,Food,79210
784,2026-01-09,Customer_607,Roll,Food,90299
785,2026-01-29,Customer_455,Fries,Food,98110
786,2026-03-27,Customer_5,Sandwich,Food,54484
787,2026-04-24,Customer_775,Combo,Food,64449
788,2026-02-10,Customer_534,Sandwich,Food,87271
789,2026-02-15,Customer_212,Pizza,Food,59135
790,2026-02-07,Customer_787,Pizza,Food,21101
791,2026-03-11,Customer_52,Fries,Food,92070
792,2026-04-01,Customer_403,Biryani,Food,57440
793,2026-03-21,Customer_169,Roll,Food,14933
794,2026-04-17,Customer_92,Burger,Food,4834
795,2026-03-04,Customer_410,Pasta,Food,5002
796,2026-02-23,Customer_216,Pizza,Food,80862
797,2026-03-27,Customer_204,Burger,Food,N/A
798,2026-04-16,Customer_500,Burger,Food,71267
799,2026-01-04,Customer_793,Sandwich,Food,98512
800,2026-04-07,Customer_142,Sandwich,Food,45193
801,2026-02-17,Customer_20,Fries,Food,68879
802,2026-01-26,Customer_508,Burger,Food,7603
803,2026-01-23,Customer_210,Burger,Food,97409
804,2026-03-04,Customer_23,Burger,Food,73280
805,2026-02-18,Customer_280,Combo,Food,38965
806,2026-03-28,Customer_436,Sandwich,Food,65451
807,2026-04-28,Customer_536,Pizza,Food,30486
808,2026-03-25,Customer_554,Pizza,Food,37749
809,2026-04-07,Customer_411,Roll,Food,5944
810,2026-03-27,Customer_477,Sandwich,Food,14707
811,2026-03-13,Customer_676,Pizza,Food,42655
812,2026-04-30,Customer_407,Burger,Food,46224
813,2026-02-03,Customer_466,Roll,Food,47941
814,2026-02-28,Customer_479,Roll,Food,44804
815,2026-04-04,Customer_604,Combo,Food,95858
816,2026-04-27,Customer_789,Burger,Food,86724
817,2026-04-18,Customer_617,Combo,Food,91297
818,2026-01-12,Customer_197,Combo,Food,1056
819,2026-02-09,Customer_543,Burger,Food,65937
820,2026-01-05,Customer_329,Burger,Food,N/A
821,2026-01-17,Customer_305,,Food,13542
822,2026-03-11,Customer_420,Pasta,Food,70956
823,2026-03-17,Customer_337,Biryani,Food,98381
824,2026-03-09,Customer_610,,Food,97095rs
825,2026-02-19,Customer_296,Pizza,Food,9476
826,2026-03-08,Customer_3,Fries,Food,33877
827,2026-01-10,Customer_550,Pasta,Food,3310rs
828,2026-01-02,Customer_198,Burger,Food,94337
829,2026-04-10,Customer_86,Combo,Food,40185rs
830,2026-04-02,Customer_487,Sandwich,food,47787
831,2026-03-27,Customer_117,Pizza,Food,63258
832,2026-03-03,Customer_29,Pasta,food,26159
833,2026-02-11,Customer_280,Sandwich,Food,76777
834,2026-01-20,Customer_535,Biryani,Food,5637
835,2026-02-28,Customer_610,,Food,37223
836,2026-04-30,Customer_34,Burger,food,36835
837,2026-03-25,Customer_594,Biryani,Food,41150
838,2026-01-04,Customer_309,Pizza,Food,11095
839,2026-02-19,Customer_207,Pizza,Food,70863rs
840,2026-03-10,Customer_30,Biryani,Food,17258
841,2026-03-26,Customer_353,Combo,Food,20970
842,2026-03-15,Customer_2,Combo,Food,21902
843,2026-04-27,Customer_751,Pizza,Food,34179
844,2026-04-03,Customer_438,Fries,Food,91222
845,2026-04-09,Customer_616,Pasta,Food,N/A
846,2026-01-16,Customer_249,Pizza,Food,34787
847,2026-02-17,,Biryani,Food,40974
848,2026-01-02,Customer_122,Pasta,Food,63192
849,2026-03-20,Customer_741,Sandwich,Food,74522
850,2026-01-04,Customer_300,Pizza,food,88942
851,2026-02-07,Customer_190,Pizza,Food,93660
852,2026-03-12,Customer_394,Roll,Food,33105
853,2026-03-29,Customer_495,Burger,Food,95549
854,2026-01-18,Customer_346,Fries,Food,10790rs
855,2026-01-21,Customer_234,Fries,Food,50626
856,2026-01-30,Customer_778,Burger,Food,46665rs
857,2026-01-28,Customer_472,Pizza,Food,62908
858,2026-04-03,Customer_725,Fries,Food,4501
859,2026-04-25,Customer_345,Sandwich,Food,19377
860,2026-04-02,Customer_255,Fries,Food,77026
861,2026-02-10,Customer_76,Biryani,Food,92850
862,2026-03-20,Customer_116,,Food,92963
863,2026-04-03,Customer_511,Roll,Food,48746
864,2026-02-15,Customer_636,Pasta,Food,13794
865,2026-03-04,Customer_265,Pasta,Food,27509
866,2026-02-28,Customer_725,Pasta,Food,47538
867,2026-04-06,Customer_38,Biryani,Food,87378
868,2026-03-26,Customer_48,Fries,Food,24419
869,2026-03-22,Customer_113,Pasta,Food,87787
870,2026-04-03,Customer_235,Combo,Food,88453
871,2026-01-17,Customer_431,Fries,Food,59334
872,2026-04-21,Customer_204,Pasta,food,8214
873,2026-04-06,Customer_619,Roll,Food,58300
874,2026-02-27,Customer_606,Fries,Food,55686
875,2026-03-30,Customer_160,Pasta,Food,11885
876,2026-03-02,Customer_523,Pasta,Food,21480
877,2026-04-02,,,Food,N/A
878,2026-01-31,Customer_567,Pasta,Food,N/A
879,2026-03-16,,Biryani,Food,60709
880,2026-02-04,Customer_151,Fries,Food,58311
881,2026-04-16,Customer_161,Pizza,Food,5912
882,2026-03-26,Customer_69,Pasta,Food,36235
883,2026-03-30,Customer_412,Fries,Food,5788
884,2026-04-26,Customer_355,Pasta,food,78322
885,2026-04-02,Customer_242,Roll,Food,N/A
886,2026-04-07,Customer_549,Burger,Food,2927
887,2026-03-11,Customer_624,Roll,Food,18444
888,2026-04-10,Customer_539,Pasta,Food,61121
889,2026-02-17,Customer_173,Biryani,Food,57641
890,2026-01-11,Customer_267,Pizza,Food,34789
891,2026-03-23,Customer_580,Combo,Food,74372
892,2026-01-04,Customer_521,Combo,Food,95931
893,2026-04-11,Customer_306,Fries,Food,77159
894,2026-03-26,Customer_529,Roll,Food,97586
895,2026-04-29,Customer_216,Burger,Food,30481
896,2026-01-16,Customer_194,Sandwich,Food,7889
897,2026-03-12,Customer_720,Fries,Food,51743
898,2026-03-08,Customer_577,Roll,Food,35063
899,2026-03-30,Customer_506,Burger,Food,62523
900,2026-01-29,Customer_266,Pizza,food,21076
901,2026-01-14,,Combo,Food,29128
902,2026-03-08,Customer_345,Combo,Food,72930
903,2026-01-05,Customer_731,Pizza,Food,44830
904,2026-02-01,Customer_718,,Food,27626
905,2026-01-19,Customer_75,Sandwich,Food,1361
906,2026-01-05,Customer_60,Combo,Food,5267rs
907,2026-02-01,Customer_229,Pasta,Food,41671
908,2026-04-21,Customer_626,Pasta,Food,80665
909,2026-02-06,,Combo,Food,51450
910,2026-04-19,Customer_187,Pasta,Food,78389
911,2026-01-12,Customer_119,Sandwich,Food,7175
912,2026-02-17,Customer_757,Pasta,Food,52485
913,2026-01-15,Customer_751,Fries,Food,46813
914,2026-04-12,Customer_726,Pasta,Food,47983
915,2026-01-06,Customer_243,Sandwich,Food,11428
916,2026-03-23,Customer_475,Biryani,Food,7672
917,2026-01-04,Customer_605,,Food,6855
918,2026-02-10,Customer_642,Pizza,Food,64781
919,2026-01-16,Customer_520,Fries,Food,35482
920,2026-01-28,Customer_737,Roll,food,15410
921,2026-02-01,Customer_729,Biryani,Food,35183
922,2026-03-03,,Biryani,Food,88404
923,2026-01-11,Customer_589,Sandwich,Food,89347
924,2026-04-25,Customer_778,Biryani,Food,90940
925,2026-01-28,Customer_194,Roll,Food,65582
926,2026-04-05,Customer_542,Pasta,Food,66982
927,2026-01-27,Customer_547,Roll,Food,59342
928,2026-03-02,Customer_776,Pizza,food,90176
929,2026-02-11,Customer_108,Pasta,Food,94794rs
930,2026-04-26,,Fries,food,69596
931,2026-04-18,Customer_770,Burger,Food,26314
932,2026-04-18,Customer_651,Biryani,food,95975
933,2026-01-29,Customer_168,Roll,food,16262
934,2026-01-17,Customer_556,Combo,Food,88142
935,2026-01-03,Customer_568,Pasta,Food,57327
936,2026-03-21,Customer_492,Pizza,Food,N/A
937,2026-03-27,Customer_559,Sandwich,Food,77997
938,2026-01-17,Customer_674,Fries,food,41169
939,2026-01-04,,Pasta,Food,97372
940,2026-04-07,Customer_490,Sandwich,Food,18664
941,2026-04-13,Customer_608,Combo,Food,48600
942,2026-04-01,Customer_291,Combo,Food,85110
943,2026-02-20,Customer_628,Roll,Food,11472
944,2026-02-08,Customer_373,Roll,Food,12088
945,2026-01-31,Customer_790,Biryani,Food,46737
946,2026-04-17,Customer_552,Combo,Food,98919
947,2026-02-03,,Pizza,Food,3971
948,2026-01-28,Customer_493,Pizza,Food,42993
949,2026-03-10,Customer_171,Combo,Food,20785
950,2026-03-05,Customer_292,Biryani,Food,34406
951,2026-03-06,Customer_537,Pizza,Food,40757
952,2026-01-15,Customer_274,Sandwich,Food,79572
953,2026-02-11,Customer_180,Fries,Food,50926
954,2026-02-21,Customer_600,Pasta,Food,53766
955,2026-04-06,Customer_642,Combo,Food,96032
956,2026-01-04,Customer_712,Pizza,Food,28293
957,2026-03-30,Customer_236,,Food,28948
958,2026-02-01,Customer_85,Burger,Food,89026
959,2026-02-23,Customer_712,Burger,Food,94197
960,2026-04-09,Customer_667,Biryani,Food,84477
961,2026-03-21,Customer_517,Roll,Food,74986
962,2026-04-25,Customer_398,Sandwich,Food,22093
963,2026-01-10,Customer_143,Burger,Food,29001
964,2026-04-16,Customer_786,Fries,Food,32642
965,2026-02-03,Customer_559,Biryani,Food,76803
966,2026-01-15,Customer_267,Roll,Food,27513
967,2026-01-11,Customer_542,Pasta,Food,12339
968,2026-03-19,Customer_552,Biryani,Food,99735
969,2026-01-14,Customer_71,Sandwich,Food,9216
970,2026-03-30,Customer_181,Biryani,Food,76121
971,2026-02-21,Customer_796,Burger,Food,19830
972,2026-02-23,Customer_101,Combo,Food,5832
973,2026-04-01,Customer_596,Fries,Food,41284
974,2026-01-31,Customer_211,Combo,Food,21916
975,2026-01-29,Customer_644,Sandwich,Food,83746
976,2026-04-03,Customer_416,Roll,Food,344
977,2026-04-24,Customer_219,Sandwich,Food,59471
978,2026-03-09,Customer_381,Pasta,Food,45120
979,2026-04-17,Customer_658,Biryani,Food,69115
980,2026-01-17,Customer_742,Biryani,Food,50316
981,2026-01-09,Customer_444,Sandwich,Food,42275
982,2026-01-11,Customer_735,Pasta,Food,1420
983,2026-02-10,Customer_320,Roll,Food,9302
984,2026-02-28,Customer_304,Sandwich,Food,96290
985,2026-02-03,Customer_323,Fries,Food,37089
986,2026-01-13,Customer_304,Sandwich,Food,86119
987,2026-05-01,Customer_348,Pizza,Food,29883
988,2026-04-12,Customer_543,Combo,Food,55726
989,2026-02-28,Customer_351,Sandwich,Food,14385
990,2026-01-25,Customer_14,Fries,Food,1360
991,2026-01-23,Customer_255,Combo,Food,92618
992,2026-01-20,Customer_562,Fries,Food,34786
993,2026-03-03,Customer_298,Roll,food,39836
994,2026-02-21,Customer_746,,Food,79822
995,2026-04-20,Customer_173,Pasta,Food,64948
996,2026-02-25,Customer_488,Fries,Food,438
997,2026-04-13,Customer_521,Burger,Food,52195
998,2026-01-31,,Burger,Food,16894
999,2026-01-14,Customer_53,Combo,Food,60173
1000,2026-01-18,,,food,19597
1001,2026-02-26,Customer_333,Combo,Food,15800
1002,2026-03-29,Customer_180,Roll,Food,42876
1003,2026-04-29,,Fries,Food,15163
1004,2026-04-15,Customer_291,Combo,Food,97626
1005,2026-04-13,Customer_766,Biryani,Food,32497
1006,2026-02-21,Customer_30,Pasta,food,93501
1007,2026-01-30,Customer_227,Combo,Food,28209
1008,2026-02-15,Customer_705,,Food,67373
1009,2026-03-26,Customer_467,Burger,Food,72747
1010,2026-01-24,Customer_554,Fries,Food,64427
1011,2026-02-13,Customer_106,Burger,Food,20871
1012,2026-04-02,Customer_489,Fries,Food,79096
1013,2026-02-19,Customer_357,Burger,Food,33121
1014,2026-03-13,Customer_452,Burger,Food,58370
1015,2026-01-28,Customer_737,Roll,Food,70511
1016,2026-03-12,Customer_737,Sandwich,Food,3498
1017,2026-04-24,Customer_4,Sandwich,Food,42635
1018,2026-02-07,Customer_412,Pizza,Food,47094
1019,2026-04-21,Customer_84,Combo,food,52560
1020,2026-01-01,Customer_331,Biryani,Food,29243
1021,2026-03-03,Customer_198,Fries,Food,65887
1022,2026-04-08,Customer_772,Combo,Food,8780rs
1023,2026-03-29,Customer_95,Fries,Food,96645
1024,2026-02-03,Customer_318,Roll,Food,21460
1025,2026-04-13,Customer_179,Pizza,Food,23547
1026,2026-03-06,Customer_429,Fries,Food,14950
1027,2026-02-14,Customer_751,Burger,food,65878
1028,2026-02-10,Customer_26,Burger,Food,42122rs
1029,2026-01-21,Customer_286,Fries,food,N/A
1030,2026-04-17,Customer_19,Burger,Food,43952rs
1031,2026-02-08,Customer_288,Sandwich,Food,59379
1032,2026-04-17,Customer_671,Roll,Food,95084
1033,2026-04-20,Customer_598,Pizza,Food,81202
1034,2026-04-25,Customer_491,Burger,Food,81593
1035,2026-04-13,Customer_688,Biryani,Food,40498rs
1036,2026-02-02,Customer_648,Fries,Food,12744
1037,2026-03-28,Customer_139,Sandwich,Food,N/A
1038,2026-01-03,,Fries,Food,5030
1039,2026-02-04,Customer_741,,food,59939
1040,2026-02-16,Customer_274,Burger,Food,67991
1041,2026-01-28,Customer_351,Pizza,Food,44503
1042,2026-04-30,Customer_231,Pasta,Food,20368
1043,2026-04-22,Customer_428,Pasta,Food,67241
1044,2026-04-08,Customer_91,Biryani,Food,4458
1045,2026-02-19,Customer_456,Combo,Food,35314
1046,2026-01-15,Customer_160,Burger,Food,8523
1047,2026-01-04,Customer_221,Sandwich,Food,62884
1048,2026-03-26,Customer_553,Sandwich,Food,86181
1049,2026-03-19,Customer_190,Biryani,Food,82860
1050,2026-01-24,Customer_118,Biryani,Food,91845
1051,2026-02-19,,Roll,Food,N/A
1052,2026-04-09,Customer_52,Combo,Food,43204
1053,2026-02-23,Customer_21,Sandwich,Food,48360
1054,2026-01-09,,Biryani,Food,52939
1055,2026-03-20,Customer_423,Fries,Food,27287
1056,2026-02-25,Customer_779,Biryani,Food,5823
1057,2026-03-25,Customer_211,Roll,Food,43076
1058,2026-01-03,,,Food,47006
1059,2026-03-29,Customer_289,Pizza,Food,48482
1060,2026-01-25,Customer_32,Pasta,Food,70886
1061,2026-02-09,Customer_192,Biryani,Food,35849
1062,2026-04-09,Customer_229,Pasta,Food,93025
1063,2026-03-31,Customer_504,Biryani,Food,12021
1064,2026-01-13,Customer_759,Pizza,Food,39842
1065,2026-02-24,Customer_205,Biryani,food,19717
1066,2026-04-03,Customer_421,Fries,Food,27525
1067,2026-03-31,Customer_520,Biryani,Food,32745
1068,2026-04-22,Customer_767,Biryani,Food,59778
1069,2026-02-16,Customer_771,Sandwich,food,94845
1070,2026-03-24,Customer_406,Fries,Food,17663
1071,2026-02-25,Customer_529,Pizza,Food,30088
1072,2026-01-29,Customer_607,Pizza,Food,175
1073,2026-01-19,Customer_485,,Food,46679rs
1074,2026-03-30,Customer_210,Burger,Food,77365
1075,2026-02-04,Customer_472,Biryani,Food,78728
1076,2026-04-21,Customer_629,Combo,Food,31565
1077,2026-04-16,Customer_403,Fries,Food,95993
1078,2026-04-07,Customer_316,Pizza,Food,52968
1079,2026-04-06,Customer_700,Combo,Food,76366
1080,2026-03-17,Customer_50,Roll,Food,50071
1081,2026-03-10,Customer_484,,food,N/A
1082,2026-02-21,Customer_121,Roll,Food,9560
1083,2026-01-23,Customer_562,Pizza,Food,51891
1084,2026-04-11,Customer_635,Biryani,Food,91403
1085,2026-04-17,Customer_462,Biryani,Food,49064
1086,2026-01-28,Customer_718,Pasta,food,42042
1087,2026-01-09,Customer_5,,Food,6187
1088,2026-02-03,Customer_62,Pasta,Food,15312
1089,2026-04-16,Customer_500,Roll,Food,43032
1090,2026-03-30,,Sandwich,Food,64165rs
1091,2026-01-22,Customer_89,Pasta,food,40330
1092,2026-03-31,Customer_357,Roll,Food,81847
1093,2026-03-31,Customer_466,Sandwich,Food,98876
1094,2026-03-31,Customer_487,,Food,70502
1095,2026-04-17,Customer_673,Roll,Food,18823
1096,2026-01-06,Customer_424,Pasta,Food,95535
1097,2026-04-12,Customer_85,Pasta,Food,45553
1098,2026-04-21,Customer_178,Burger,Food,62753
1099,2026-02-04,Customer_413,Biryani,Food,63437
1100,2026-03-02,Customer_470,Combo,Food,25373
1101,2026-02-11,Customer_736,Biryani,Food,90217
1102,2026-02-05,Customer_419,Fries,Food,96804
1103,2026-02-05,Customer_721,Pizza,Food,51276
1104,2026-04-04,Customer_532,Biryani,Food,25612
1105,2026-03-28,Customer_195,Roll,Food,72289
1106,2026-03-02,Customer_401,Pizza,Food,44286
1107,2026-04-25,Customer_450,Burger,Food,63803
1108,2026-02-05,,Roll,Food,95012
1109,2026-04-11,Customer_411,Roll,Food,2952
1110,2026-03-10,Customer_88,Pasta,Food,94039
1111,2026-03-02,Customer_732,Combo,Food,36161
1112,2026-03-27,Customer_445,Biryani,Food,89225
1113,2026-02-18,Customer_143,Sandwich,Food,67078
1114,2026-02-08,Customer_182,Pizza,Food,36939
1115,2026-03-29,Customer_277,Fries,Food,39673
1116,2026-02-28,Customer_147,Sandwich,Food,8660
1117,2026-01-02,Customer_501,Pasta,Food,16978
1118,2026-02-09,Customer_318,Pasta,Food,42865
1119,2026-02-26,Customer_561,Fries,Food,61467
1120,2026-04-06,Customer_791,Fries,Food,N/A
1121,2026-04-06,Customer_177,Biryani,Food,10315
1122,2026-03-01,Customer_215,Sandwich,Food,96062
1123,2026-01-07,Customer_302,Burger,Food,53096
1124,2026-04-09,Customer_302,Combo,Food,53063
1125,2026-03-19,Customer_149,Biryani,Food,16547
1126,2026-02-03,Customer_409,Sandwich,Food,8198
1127,2026-03-19,Customer_161,Fries,Food,54341
1128,2026-04-09,Customer_674,Pasta,Food,91670
1129,2026-02-22,Customer_222,Combo,Food,78879
1130,2026-04-10,,Biryani,Food,N/A
1131,2026-03-21,Customer_584,Sandwich,Food,49752
1132,2026-04-07,Customer_460,Biryani,Food,38945
1133,2026-01-26,Customer_526,Fries,Food,78042
1134,2026-04-08,Customer_63,Combo,Food,99643
1135,2026-02-28,Customer_169,Roll,Food,80743
1136,2026-03-09,Customer_717,Burger,Food,83924
1137,2026-02-20,Customer_745,Burger,Food,18967
1138,2026-04-14,Customer_41,Sandwich,Food,36176
1139,2026-01-07,Customer_326,Pizza,Food,77926
1140,2026-01-18,Customer_1,Burger,Food,93949
1141,2026-03-10,Customer_233,,Food,11395rs
1142,2026-04-26,Customer_287,Roll,Food,32020
1143,2026-04-17,Customer_411,Sandwich,Food,88160
1144,2026-01-29,Customer_130,Pasta,Food,85655
1145,2026-01-02,Customer_749,Burger,Food,49638
1146,2026-02-06,Customer_190,Roll,Food,N/A
1147,2026-02-10,Customer_307,Biryani,Food,81126
1148,2026-03-24,Customer_701,Combo,food,90876
1149,2026-03-29,Customer_350,Biryani,Food,19984
1150,2026-01-24,Customer_320,,Food,27673
1151,2026-04-03,Customer_439,Pizza,Food,4981
1152,2026-01-24,Customer_249,Pasta,food,93503
1153,2026-03-24,Customer_687,Biryani,Food,91743
1154,2026-01-05,Customer_8,Sandwich,Food,98822
1155,2026-02-15,Customer_740,Sandwich,Food,68081
1156,2026-01-22,Customer_126,,food,87102
1157,2026-01-02,Customer_297,Combo,Food,1724
1158,2026-03-02,Customer_11,Roll,Food,34596rs
1159,2026-04-26,Customer_726,Burger,food,19473
1160,2026-02-24,Customer_676,,Food,43696
1161,2026-01-15,Customer_258,Biryani,Food,N/A
1162,2026-04-14,Customer_257,Roll,food,8761
1163,2026-03-26,Customer_211,,Food,26857
1164,2026-01-06,Customer_16,Sandwich,Food,41898
1165,2026-04-29,Customer_369,Biryani,Food,43988
1166,2026-03-12,Customer_703,Fries,Food,63149
1167,2026-04-21,Customer_192,Sandwich,Food,10451
1168,2026-04-16,Customer_665,Pizza,food,34371
1169,2026-01-25,Customer_579,Pizza,Food,9017
1170,2026-01-16,Customer_774,Pizza,Food,43606
1171,2026-02-02,,Fries,Food,15759
1172,2026-03-06,Customer_521,Burger,Food,8293
1173,2026-03-22,Customer_218,Combo,Food,42814
1174,2026-04-12,Customer_643,Fries,Food,89073
1175,2026-02-01,Customer_728,Roll,Food,68791
1176,2026-01-04,Customer_165,Biryani,Food,35854
1177,2026-01-14,Customer_127,Combo,Food,33558
1178,2026-01-13,Customer_483,Combo,Food,90537
1179,2026-04-12,,Biryani,Food,84414
1180,2026-02-27,Customer_724,Sandwich,Food,29949
1181,2026-03-09,Customer_121,Sandwich,Food,2762
1182,2026-03-23,Customer_703,Roll,Food,53742
1183,2026-02-08,Customer_123,Combo,Food,36772
1184,2026-04-26,Customer_174,Fries,Food,23297
1185,2026-01-13,Customer_671,Pizza,Food,90320
1186,2026-04-02,Customer_724,Pizza,Food,2270
1187,2026-01-30,Customer_42,Burger,Food,38513
1188,2026-04-19,Customer_147,Fries,Food,60779
1189,2026-03-13,Customer_51,Biryani,Food,59120
1190,2026-02-05,Customer_327,Biryani,Food,26292rs
1191,2026-02-08,Customer_410,Fries,food,18193
1192,2026-02-21,Customer_157,Sandwich,Food,52142
1193,2026-02-11,Customer_568,Pasta,Food,34221
1194,2026-02-11,Customer_79,Roll,Food,N/A
1195,2026-01-23,Customer_78,Fries,Food,96689
1196,2026-03-13,Customer_749,,Food,63735
1197,2026-02-03,Customer_749,Pasta,Food,18164
1198,2026-01-12,Customer_354,Combo,Food,70577rs
1199,2026-04-30,Customer_613,Pizza,Food,12672
1200,2026-01-23,Customer_333,Fries,Food,56651
1201,2026-01-26,Customer_711,Combo,Food,21134
1202,2026-04-15,Customer_781,Burger,Food,9007rs
1203,2026-04-05,,Fries,Food,52474
1204,2026-01-01,,Sandwich,Food,44034
1205,2026-03-25,Customer_758,Pizza,Food,14943
1206,2026-02-22,Customer_566,Fries,Food,58383
1207,2026-03-03,Customer_268,Pasta,Food,87708
1208,2026-01-01,Customer_319,Fries,Food,31487
1209,2026-05-01,Customer_188,Combo,Food,53791
1210,2026-04-10,Customer_309,Sandwich,Food,14511
1211,2026-02-27,,Roll,Food,94754
1212,2026-03-18,,Burger,Food,68596rs
1213,2026-01-29,Customer_17,Fries,Food,84615
1214,2026-02-20,Customer_701,Combo,Food,84976
1215,2026-02-17,Customer_721,Pizza,Food,81266
1216,2026-01-30,Customer_128,Pasta,Food,79323
1217,2026-04-26,Customer_798,Sandwich,Food,42192
1218,2026-02-07,Customer_237,Fries,Food,70282
1219,2026-03-26,Customer_205,Fries,Food,32466
1220,2026-02-06,Customer_467,Pasta,Food,92862
1221,2026-02-25,Customer_366,,Food,96567
1222,2026-03-09,Customer_743,Burger,Food,17043
1223,2026-01-19,Customer_297,Combo,Food,N/A
1224,2026-04-19,Customer_338,Pasta,Food,76999
1225,2026-03-09,Customer_134,Pasta,Food,68318
1226,2026-03-12,Customer_579,Biryani,Food,68089
1227,2026-03-18,Customer_91,Roll,Food,48302
1228,2026-02-07,Customer_2,Roll,Food,N/A
1229,2026-02-24,Customer_219,Biryani,Food,47975
1230,2026-02-15,Customer_756,Pizza,Food,88856
1231,2026-04-22,Customer_305,Roll,Food,92890
1232,2026-03-17,Customer_759,Roll,Food,18335
1233,2026-01-27,Customer_704,Combo,Food,19217
1234,2026-01-22,Customer_467,Pasta,Food,32072
1235,2026-03-24,Customer_98,Biryani,Food,86699
1236,2026-03-21,Customer_310,Pizza,Food,22698
1237,2026-02-17,Customer_613,Sandwich,Food,94945
1238,2026-01-21,Customer_328,Pasta,Food,73502
1239,2026-04-06,Customer_338,Combo,Food,24344rs
1240,2026-04-10,Customer_675,Pasta,Food,65274
1241,2026-04-21,Customer_220,Roll,Food,37531rs
1242,2026-01-01,Customer_208,Pizza,Food,N/A
1243,2026-03-25,Customer_640,Roll,Food,88836
1244,2026-02-15,Customer_214,Pasta,Food,3520
1245,2026-02-23,Customer_455,Biryani,Food,21910
1246,2026-02-13,Customer_626,Combo,Food,83109
1247,2026-02-12,Customer_105,Combo,Food,26631
1248,2026-02-11,Customer_690,Pizza,Food,77841rs
1249,2026-04-06,Customer_551,Pizza,Food,18041
1250,2026-01-09,Customer_513,Sandwich,Food,36963
1251,2026-01-18,Customer_118,Roll,food,48346
1252,2026-01-21,Customer_589,Roll,Food,29048
1253,2026-04-16,Customer_201,Fries,Food,80091
1254,2026-03-04,Customer_652,Biryani,Food,62876
1255,2026-02-22,,Biryani,Food,88047
1256,2026-03-01,Customer_770,Sandwich,Food,89620
1257,2026-02-13,Customer_217,Burger,Food,68791
1258,2026-02-03,Customer_21,Sandwich,Food,84160
1259,2026-02-08,Customer_233,Sandwich,Food,7443
1260,2026-04-19,Customer_686,Fries,Food,15948
1261,2026-03-26,Customer_116,Sandwich,Food,80360
1262,2026-04-23,Customer_127,Roll,Food,2308
1263,2026-03-04,Customer_548,Fries,Food,34937
1264,2026-03-13,Customer_592,Combo,Food,N/A
1265,2026-01-27,Customer_102,Sandwich,Food,66701
1266,2026-05-01,Customer_266,Biryani,Food,45868
1267,2026-01-14,Customer_332,Roll,Food,92132
1268,2026-02-28,Customer_276,Pizza,Food,48233
1269,2026-02-27,Customer_89,Burger,Food,70666
1270,2026-03-02,Customer_424,Biryani,Food,27624
1271,2026-01-11,Customer_31,Biryani,food,23192
1272,2026-01-27,Customer_406,Roll,Food,52573
1273,2026-02-04,Customer_721,Biryani,Food,81828
1274,2026-01-31,Customer_111,Fries,Food,55999
1275,2026-04-06,Customer_65,Roll,Food,30668
1276,2026-02-26,Customer_505,Combo,Food,59559
1277,2026-02-26,,Burger,food,98533
1278,2026-02-17,Customer_563,Fries,Food,22984
1279,2026-02-27,Customer_165,Combo,food,41883
1280,2026-02-26,Customer_380,Combo,Food,37463
1281,2026-02-25,Customer_744,Burger,Food,85836
1282,2026-01-16,Customer_348,Pizza,Food,N/A
1283,2026-01-09,Customer_52,Sandwich,Food,1211
1284,2026-01-13,Customer_45,Fries,Food,20906rs
1285,2026-03-15,Customer_704,Pizza,Food,58850
1286,2026-03-20,Customer_454,Burger,Food,94740
1287,2026-04-28,Customer_231,Burger,Food,14605
1288,2026-02-18,Customer_365,Pasta,Food,11922
1289,2026-04-03,,Pizza,Food,52524
1290,2026-02-04,Customer_787,Fries,Food,38183rs
1291,2026-01-22,Customer_128,Burger,Food,5080
1292,2026-03-29,Customer_558,Pizza,Food,92002
1293,2026-01-28,Customer_333,Biryani,Food,70606
1294,2026-01-28,Customer_432,Biryani,Food,N/A
1295,2026-03-25,Customer_271,Burger,Food,75319
1296,2026-03-16,Customer_236,Pizza,Food,55475
1297,2026-03-28,Customer_473,Sandwich,Food,27223
1298,2026-02-17,Customer_319,Sandwich,Food,15998
1299,2026-02-06,Customer_484,Roll,Food,67999
1300,2026-04-04,Customer_8,Biryani,Food,54621rs
1301,2026-03-28,Customer_592,Roll,Food,31457
1302,2026-01-05,Customer_747,Sandwich,Food,43751
1303,2026-02-11,Customer_743,,Food,57435
1304,2026-02-04,Customer_317,Pizza,Food,62676
1305,2026-02-26,Customer_151,Burger,Food,41778
1306,2026-04-25,Customer_235,Pizza,Food,15559
1307,2026-02-25,Customer_788,Roll,Food,60782
1308,2026-01-25,Customer_417,,Food,16701
1309,2026-04-12,Customer_335,Pizza,Food,61570
1310,2026-04-28,Customer_13,Pizza,Food,62857
1311,2026-02-01,Customer_306,Pasta,Food,81587
1312,2026-03-11,Customer_303,Biryani,food,53728
1313,2026-03-07,Customer_58,Burger,Food,41521
1314,2026-01-05,Customer_688,Biryani,Food,83625
1315,2026-02-20,Customer_24,Combo,Food,59479
1316,2026-04-27,Customer_72,,Food,71857
1317,2026-01-24,Customer_417,Biryani,Food,14845
1318,2026-01-17,,Fries,Food,60892
1319,2026-01-24,Customer_259,Pasta,Food,80194
1320,2026-04-10,Customer_443,Pizza,Food,59643
1321,2026-04-07,Customer_136,Combo,Food,58053
1322,2026-05-01,Customer_304,Biryani,Food,94009
1323,2026-01-19,Customer_294,Biryani,Food,94665
1324,2026-03-24,,,Food,N/A
1325,2026-04-11,Customer_284,Combo,Food,68732
1326,2026-01-07,Customer_562,Biryani,Food,43247
1327,2026-02-15,Customer_355,Pizza,Food,6822
1328,2026-03-28,Customer_318,Pasta,food,67928
1329,2026-02-16,Customer_737,Burger,Food,7341
1330,2026-03-28,Customer_777,Combo,Food,N/A
1331,2026-04-21,Customer_686,Combo,Food,72100
1332,2026-02-03,Customer_707,Biryani,food,63674
1333,2026-01-29,Customer_325,Fries,Food,99649
1334,2026-03-15,Customer_416,Biryani,Food,51893
1335,2026-01-23,Customer_493,Sandwich,Food,64335
1336,2026-04-22,Customer_456,,Food,58557
1337,2026-02-08,Customer_399,Pizza,Food,38688
1338,2026-03-11,Customer_66,Biryani,Food,1456
1339,2026-02-09,Customer_2,Pizza,Food,55358
1340,2026-03-07,Customer_503,Combo,Food,82872rs
1341,2026-01-20,Customer_271,Pizza,Food,79568
1342,2026-02-11,Customer_531,Sandwich,Food,52041
1343,2026-01-07,Customer_447,Sandwich,Food,4550
1344,2026-01-02,Customer_354,Combo,Food,24697rs
1345,2026-02-14,Customer_604,Roll,Food,77508
1346,2026-02-03,Customer_322,Sandwich,Food,42211
1347,2026-04-11,,Pasta,Food,15791
1348,2026-03-04,Customer_317,Roll,Food,71754
1349,2026-02-15,Customer_750,Biryani,Food,6473
1350,2026-03-23,Customer_319,Pasta,Food,29073
1351,2026-03-04,Customer_691,Biryani,Food,22582
1352,2026-03-29,Customer_322,Burger,Food,55544
1353,2026-04-10,Customer_738,Combo,Food,56615
1354,2026-03-22,Customer_777,Biryani,Food,1273
1355,2026-03-29,Customer_178,,Food,24355
1356,2026-04-08,Customer_451,Burger,Food,30127
1357,2026-04-28,Customer_303,Sandwich,Food,83614
1358,2026-02-27,Customer_686,Pizza,Food,28173
1359,2026-02-21,Customer_331,Pizza,Food,70285
1360,2026-02-18,Customer_546,Pasta,Food,41624
1361,2026-01-01,Customer_212,,Food,75325
1362,2026-04-19,Customer_345,Pizza,Food,5617
1363,2026-03-22,Customer_650,Burger,Food,78864rs
1364,2026-01-12,Customer_554,Biryani,Food,1034
1365,2026-02-12,Customer_676,Pasta,Food,8676
1366,2026-03-28,Customer_606,Sandwich,Food,96189
1367,2026-03-16,Customer_113,Sandwich,Food,89625
1368,2026-02-15,Customer_240,,Food,41087
1369,2026-04-03,Customer_77,Fries,Food,74428
1370,2026-03-31,Customer_383,Pizza,Food,51601
1371,2026-03-01,Customer_658,,Food,47558
1372,2026-02-20,Customer_591,Roll,Food,33889
1373,2026-01-26,Customer_112,Biryani,Food,14143
1374,2026-01-15,Customer_718,Fries,Food,92285
1375,2026-01-06,Customer_774,Fries,food,62378
1376,2026-02-17,Customer_89,,Food,61837
1377,2026-01-09,Customer_45,Biryani,Food,92021
1378,2026-04-18,Customer_154,Pizza,Food,12780
1379,2026-03-14,Customer_143,Fries,Food,2372
1380,2026-03-28,Customer_43,Sandwich,Food,29887
1381,2026-04-01,Customer_9,Burger,Food,64737
1382,2026-02-18,Customer_571,Biryani,Food,32131
1383,2026-01-17,Customer_125,Fries,Food,17056
1384,2026-01-10,Customer_259,Fries,Food,67912
1385,2026-01-23,Customer_319,,Food,95785
1386,2026-01-07,Customer_649,Combo,Food,55214
1387,2026-04-19,Customer_398,Fries,Food,43060
1388,2026-03-29,Customer_74,Biryani,Food,9831
1389,2026-01-07,,Sandwich,Food,38934rs
1390,2026-04-27,Customer_755,,Food,15449
1391,2026-03-03,Customer_217,Pasta,Food,13451
1392,2026-01-28,Customer_390,Fries,Food,21583
1393,2026-03-10,Customer_313,Pizza,Food,63278
1394,2026-02-07,Customer_206,Combo,Food,84366
1395,2026-02-09,Customer_104,Pasta,Food,97025
1396,2026-04-30,Customer_478,Burger,Food,51052
1397,2026-02-26,Customer_406,Fries,Food,81926
1398,2026-04-23,,Fries,Food,80166
1399,2026-03-12,Customer_233,Sandwich,Food,97159
1400,2026-03-02,Customer_236,Biryani,Food,7918
1401,2026-02-17,Customer_252,Sandwich,Food,3637
1402,2026-04-02,Customer_105,Pasta,Food,7488
1403,2026-04-22,Customer_52,Burger,Food,33246
1404,2026-03-12,Customer_242,Biryani,Food,41848
1405,2026-02-27,Customer_334,Roll,Food,70935
1406,2026-03-19,Customer_50,Pasta,Food,5165
1407,2026-04-18,Customer_200,Roll,Food,8300
1408,2026-04-20,Customer_138,Fries,Food,48016
1409,2026-04-29,Customer_495,Fries,food,51400
1410,2026-01-12,Customer_227,Pizza,Food,51289
1411,2026-01-23,Customer_641,Fries,Food,92833
1412,2026-01-03,Customer_267,Sandwich,Food,21537
1413,2026-02-19,Customer_757,Sandwich,Food,33761
1414,2026-01-12,Customer_727,Roll,food,43513
1415,2026-01-24,Customer_137,Burger,Food,80710
1416,2026-03-13,Customer_54,Pasta,food,39753
1417,2026-04-21,Customer_784,Pizza,Food,14457
1418,2026-01-13,Customer_678,Roll,Food,80212
1419,2026-01-03,Customer_107,Roll,Food,N/A
1420,2026-04-03,Customer_156,,Food,6775
1421,2026-01-01,Customer_69,Pasta,Food,4041
1422,2026-01-06,Customer_117,Combo,Food,4053
1423,2026-01-22,Customer_496,Pasta,Food,76062
1424,2026-04-20,Customer_612,Fries,Food,80367
1425,2026-04-21,Customer_716,,Food,632
1426,2026-03-22,,Burger,Food,19816
1427,2026-04-03,Customer_576,Fries,Food,19031
1428,2026-03-27,Customer_214,Sandwich,Food,38089
1429,2026-01-07,Customer_346,Fries,Food,42329
1430,2026-01-24,Customer_356,Pasta,Food,47014
1431,2026-04-06,Customer_220,Sandwich,Food,89058
1432,2026-03-04,Customer_164,Fries,Food,N/A
1433,2026-03-12,Customer_539,Biryani,Food,63077
1434,2026-01-24,Customer_794,Combo,Food,73234
1435,2026-01-25,Customer_378,Pizza,Food,16885
1436,2026-01-29,Customer_175,Pasta,Food,91949
1437,2026-01-08,Customer_319,Biryani,Food,2095
1438,2026-04-19,Customer_578,Burger,Food,48968
1439,2026-01-18,Customer_66,Combo,Food,32620
1440,2026-03-15,Customer_761,Fries,Food,98779
1441,2026-03-02,Customer_97,Roll,Food,73224
1442,2026-03-19,Customer_304,Pizza,Food,73415rs
1443,2026-04-24,Customer_660,Pasta,Food,32769
1444,2026-03-12,Customer_735,Roll,Food,70490
1445,2026-01-30,,Roll,Food,87289
1446,2026-01-23,Customer_76,Combo,Food,24256
1447,2026-04-12,,Roll,Food,94408
1448,2026-01-15,Customer_152,Combo,Food,11943
1449,2026-03-23,Customer_109,Fries,Food,56193
1450,2026-02-08,Customer_538,Combo,Food,71694
1451,2026-04-19,Customer_707,Burger,Food,21237
1452,2026-04-30,Customer_163,Combo,Food,16458
1453,2026-01-22,Customer_531,Pizza,Food,68555
1454,2026-02-19,Customer_602,Biryani,Food,2758
1455,2026-04-23,Customer_49,Burger,Food,69234
1456,2026-02-01,Customer_684,Combo,Food,11568
1457,2026-04-12,,Sandwich,Food,37823
1458,2026-03-26,Customer_339,Combo,Food,53513
1459,2026-04-07,Customer_25,Pasta,Food,43739
1460,2026-04-13,Customer_638,Combo,Food,74353
1461,2026-01-03,Customer_159,Biryani,Food,54027
1462,2026-04-18,Customer_391,Fries,Food,10460
1463,2026-01-24,Customer_601,Burger,Food,39595
1464,2026-04-05,Customer_221,Sandwich,Food,N/A
1465,2026-02-09,Customer_729,Pasta,Food,65365
1466,2026-03-13,Customer_86,Combo,Food,93647
1467,2026-04-26,Customer_229,Combo,Food,38130
1468,2026-01-28,Customer_687,,Food,70288
1469,2026-02-03,Customer_84,Pasta,Food,45354
1470,2026-04-14,Customer_368,Biryani,Food,71779
1471,2026-03-26,Customer_143,Sandwich,Food,96421
1472,2026-01-08,Customer_72,Combo,Food,60978
1473,2026-04-28,Customer_14,Burger,Food,52304rs
1474,2026-01-19,Customer_203,Combo,Food,67905
1475,2026-02-11,Customer_404,Biryani,Food,N/A
1476,2026-02-07,Customer_457,,Food,84948
1477,2026-04-02,Customer_436,Pizza,Food,79883
1478,2026-02-14,Customer_129,Combo,Food,25322
1479,2026-01-01,Customer_78,Sandwich,Food,N/A
1480,2026-03-22,Customer_26,Pasta,food,9327
1481,2026-03-15,Customer_541,Biryani,Food,42761
1482,2026-03-03,Customer_68,Burger,Food,66422
1483,2026-02-01,Customer_599,Pizza,Food,81263
1484,2026-01-10,Customer_223,Pizza,Food,21502
1485,2026-03-05,Customer_56,Biryani,Food,45858
1486,2026-03-29,Customer_130,Sandwich,Food,63386
1487,2026-01-12,Customer_599,Pizza,Food,23502
1488,2026-01-19,Customer_408,Burger,Food,92993
1489,2026-03-12,Customer_138,Fries,Food,87717
1490,2026-01-15,Customer_24,Pizza,food,37463
1491,2026-01-19,Customer_703,Combo,Food,40767
1492,2026-02-17,Customer_761,Fries,food,31016
1493,2026-04-10,Customer_279,Roll,Food,35459
1494,2026-01-01,Customer_436,Pizza,Food,2888
1495,2026-02-10,Customer_526,Combo,food,37874
1496,2026-03-15,Customer_245,Pizza,Food,3247
1497,2026-04-10,Customer_150,Pasta,Food,47986rs
1498,2026-03-27,Customer_429,Combo,Food,68777
1499,2026-01-30,Customer_578,Fries,Food,98237
1500,2026-02-19,Customer_454,Roll,Food,68616
1501,2026-04-19,Customer_626,Combo,food,95456
1502,2026-04-12,Customer_752,,Food,58815
1503,2026-02-11,Customer_507,Burger,Food,19059
1504,2026-03-25,Customer_12,Sandwich,Food,4664
1505,2026-01-02,Customer_522,Pizza,Food,9868
1506,2026-02-20,,Fries,Food,76831
1507,2026-02-04,Customer_673,Combo,Food,46246
1508,2026-02-17,Customer_542,Combo,Food,68487
1509,2026-01-14,Customer_509,Pizza,Food,69590
1510,2026-03-30,Customer_466,Pasta,Food,91118
1511,2026-04-02,Customer_457,Burger,Food,78246
1512,2026-01-19,Customer_670,Burger,Food,61386
1513,2026-01-01,Customer_515,Fries,Food,70643
1514,2026-04-08,Customer_741,Pasta,Food,92932
1515,2026-01-20,Customer_627,Pasta,Food,34191
1516,2026-01-04,Customer_411,Pasta,Food,18813
1517,2026-04-26,Customer_773,Fries,Food,65192rs
1518,2026-02-12,Customer_385,Pizza,Food,48703
1519,2026-04-10,Customer_711,Fries,Food,6141
1520,2026-04-15,Customer_587,Biryani,Food,36880
1521,2026-04-29,Customer_58,Biryani,Food,57356
1522,2026-04-30,Customer_675,Combo,Food,40413
1523,2026-02-09,Customer_517,Sandwich,Food,6213
1524,2026-04-15,Customer_573,Combo,Food,7870
1525,2026-01-15,Customer_282,Fries,food,74086
1526,2026-04-08,Customer_99,Pizza,Food,77083
1527,2026-04-01,Customer_749,,Food,60555rs
1528,2026-02-05,Customer_418,Biryani,Food,27216
1529,2026-02-19,Customer_288,Biryani,Food,82740
1530,2026-01-05,Customer_75,Pasta,Food,N/A
1531,2026-03-11,Customer_380,Biryani,Food,3856
1532,2026-01-10,Customer_66,Biryani,Food,92050
1533,2026-04-13,Customer_98,Biryani,Food,42946
1534,2026-04-10,Customer_509,Pizza,food,79033
1535,2026-03-26,Customer_208,Pasta,Food,74858
1536,2026-03-10,Customer_619,Sandwich,Food,52364
1537,2026-03-09,Customer_459,Sandwich,Food,50141
1538,2026-02-10,Customer_85,Pasta,Food,299
1539,2026-01-12,,Pizza,food,26734
1540,2026-03-13,,Sandwich,Food,81721
1541,2026-03-31,Customer_776,Fries,Food,N/A
1542,2026-03-15,Customer_84,Roll,Food,45369
1543,2026-04-29,Customer_433,Burger,Food,51164
1544,2026-04-11,Customer_279,Fries,Food,52139
1545,2026-03-03,Customer_799,Pasta,Food,75930
1546,2026-02-18,Customer_214,Roll,Food,75317
1547,2026-02-09,Customer_48,Biryani,Food,37619
1548,2026-04-12,Customer_464,Pizza,Food,N/A
1549,2026-04-11,Customer_499,Pizza,Food,42293
1550,2026-04-28,Customer_528,Sandwich,Food,2297
1551,2026-03-28,Customer_56,Combo,Food,18876
1552,2026-01-05,Customer_15,Fries,Food,36120
1553,2026-01-11,Customer_274,Roll,Food,10004
1554,2026-02-04,Customer_510,Roll,Food,97065
1555,2026-01-03,Customer_627,,Food,77890
1556,2026-04-09,Customer_658,Pasta,Food,28701
1557,2026-01-28,Customer_164,Pasta,Food,20134
1558,2026-01-16,Customer_795,Biryani,food,20288
1559,2026-02-01,Customer_415,Burger,Food,90312
1560,2026-02-22,Customer_43,Pasta,Food,72549
1561,2026-03-13,Customer_260,Burger,Food,43124
1562,2026-02-28,Customer_626,Pasta,Food,19621
1563,2026-01-03,Customer_786,Pasta,Food,63650
1564,2026-03-08,Customer_492,Sandwich,Food,N/A
1565,2026-02-25,Customer_361,Burger,food,63544
1566,2026-03-15,Customer_123,Fries,Food,18942
1567,2026-04-03,Customer_659,Fries,Food,87666
1568,2026-01-27,Customer_475,Biryani,Food,26375
1569,2026-04-07,Customer_209,,Food,66419
1570,2026-01-12,Customer_630,Pizza,Food,56341
1571,2026-01-06,Customer_181,Pizza,Food,N/A
1572,2026-03-03,Customer_448,Burger,Food,N/A
1573,2026-02-09,Customer_152,Biryani,Food,65778
1574,2026-01-04,Customer_515,Pasta,Food,94579
1575,2026-02-09,Customer_398,Combo,Food,57150
1576,2026-01-14,Customer_426,Sandwich,Food,89043
1577,2026-02-25,Customer_490,Roll,Food,85554
1578,2026-04-20,Customer_43,Roll,Food,97532rs
1579,2026-03-19,Customer_169,Burger,Food,79712
1580,2026-01-23,Customer_673,Pasta,Food,51559
1581,2026-02-07,Customer_502,,Food,67310
1582,2026-03-16,Customer_48,Combo,Food,52041
1583,2026-02-15,Customer_400,Combo,food,67206
1584,2026-01-29,Customer_719,Biryani,Food,35128
1585,2026-02-19,Customer_664,Pasta,Food,14699rs
1586,2026-04-11,Customer_223,,Food,98879
1587,2026-01-15,Customer_325,Roll,Food,58520
1588,2026-03-17,Customer_148,Roll,Food,49302
1589,2026-03-30,Customer_693,Combo,Food,93931
1590,2026-02-27,Customer_268,Burger,Food,18609
1591,2026-04-02,Customer_392,Sandwich,Food,44239
1592,2026-02-12,Customer_285,,Food,40742
1593,2026-04-13,Customer_254,Roll,Food,76044
1594,2026-04-26,Customer_575,Biryani,Food,91654
1595,2026-03-30,Customer_356,Pizza,Food,N/A
1596,2026-01-26,Customer_480,Roll,Food,4601
1597,2026-04-08,Customer_6,Biryani,Food,60171
1598,2026-03-25,Customer_214,Biryani,Food,63430
1599,2026-03-25,Customer_641,Biryani,Food,98133
1600,2026-04-07,Customer_519,Fries,Food,36365
1601,2026-02-05,Customer_132,Combo,Food,5825
1602,2026-02-05,Customer_457,Burger,Food,13093
1603,2026-04-04,Customer_483,Pizza,Food,87339
1604,2026-04-07,Customer_650,Pizza,Food,65565
1605,2026-02-18,Customer_374,Pasta,food,42446
1606,2026-01-06,Customer_506,,Food,19781
1607,2026-02-18,Customer_87,Burger,Food,56501
1608,2026-04-11,Customer_624,Roll,Food,71973
1609,2026-03-31,Customer_445,Sandwich,Food,56811
1610,2026-04-04,Customer_343,Pasta,Food,18645
1611,2026-02-09,Customer_225,Burger,Food,73591
1612,2026-03-22,Customer_593,Roll,Food,17882
1613,2026-01-18,Customer_480,Pasta,food,51331
1614,2026-04-20,Customer_179,Burger,Food,81616
1615,2026-03-04,Customer_563,Roll,Food,49899
1616,2026-01-19,,,Food,89180
1617,2026-01-21,Customer_201,Burger,Food,2706
1618,2026-04-19,Customer_578,,Food,8300
1619,2026-03-13,Customer_195,Combo,Food,18538
1620,2026-04-19,Customer_663,Sandwich,Food,51933
1621,2026-02-12,Customer_583,Biryani,Food,12794
1622,2026-04-05,Customer_642,Biryani,Food,71316
1623,2026-01-22,Customer_199,Fries,Food,51213
1624,2026-03-14,Customer_365,Roll,Food,63339
1625,2026-01-09,Customer_99,Pasta,Food,67578
1626,2026-02-04,Customer_369,Sandwich,Food,35005
1627,2026-03-24,Customer_232,Fries,Food,76025
1628,2026-01-29,Customer_264,Sandwich,Food,46782
1629,2026-03-02,Customer_215,Pasta,Food,72601
1630,2026-02-01,Customer_538,Biryani,Food,54092rs
1631,2026-01-27,Customer_215,Combo,Food,33027
1632,2026-02-24,Customer_523,Roll,Food,65915
1633,2026-04-08,Customer_241,Combo,Food,69226
1634,2026-02-09,,Roll,Food,27041
1635,2026-02-17,Customer_446,Burger,Food,29101
1636,2026-03-13,Customer_724,Sandwich,Food,5793
1637,2026-01-11,Customer_533,Biryani,Food,59363
1638,2026-02-07,Customer_128,Fries,Food,40727
1639,2026-04-07,Customer_324,Burger,Food,N/A
1640,2026-04-01,Customer_54,Burger,Food,8328
1641,2026-04-16,Customer_596,Biryani,Food,75807
1642,2026-02-14,Customer_183,Pasta,food,N/A
1643,2026-03-03,Customer_297,Pasta,Food,14523
1644,2026-01-19,Customer_95,Biryani,food,86395rs
1645,2026-01-03,Customer_355,Pasta,food,54738
1646,2026-02-12,Customer_598,Sandwich,Food,76633rs
1647,2026-01-02,Customer_595,Combo,Food,88290
1648,2026-02-14,Customer_344,Burger,Food,63875
1649,2026-01-25,Customer_202,Roll,Food,72160
1650,2026-02-02,Customer_408,Burger,Food,43325
1651,2026-02-06,Customer_611,Burger,Food,38755
1652,2026-04-06,Customer_284,Pizza,Food,25639
1653,2026-02-08,Customer_410,Sandwich,Food,27333
1654,2026-03-24,Customer_633,Pasta,Food,91147
1655,2026-01-29,Customer_13,Biryani,food,49043
1656,2026-03-05,Customer_671,Pizza,Food,75972
1657,2026-03-05,Customer_505,Pizza,Food,93372
1658,2026-03-26,Customer_268,Roll,Food,50325
1659,2026-04-26,Customer_396,Sandwich,Food,12068
1660,2026-02-26,Customer_548,Fries,Food,8706
1661,2026-01-02,Customer_606,Biryani,Food,8896
1662,2026-03-25,,Burger,Food,24003
1663,2026-03-23,Customer_307,Combo,Food,36617
1664,2026-01-21,Customer_579,Pasta,Food,24922
1665,2026-02-02,Customer_406,Biryani,Food,38584
1666,2026-03-26,Customer_578,Burger,Food,37718
1667,2026-02-19,Customer_84,Roll,Food,82938
1668,2026-03-21,Customer_389,Sandwich,Food,35218
1669,2026-02-21,Customer_384,Pasta,Food,55183
1670,2026-04-10,Customer_222,Biryani,Food,58421
1671,2026-02-25,Customer_632,Fries,Food,64806
1672,2026-03-24,Customer_29,,food,73701
1673,2026-04-09,Customer_183,,Food,47565
1674,2026-03-09,Customer_756,Burger,Food,423
1675,2026-02-07,Customer_794,Pasta,Food,76635
1676,2026-03-31,Customer_692,Pizza,Food,9989
1677,2026-01-18,Customer_441,Fries,Food,19322
1678,2026-02-04,Customer_581,Biryani,Food,69439
1679,2026-03-12,Customer_299,Fries,Food,78451
1680,2026-04-08,Customer_174,Burger,Food,1777
1681,2026-01-15,Customer_618,Biryani,Food,52904
1682,2026-01-11,Customer_373,Pizza,Food,16071
1683,2026-03-14,Customer_731,Biryani,Food,34877
1684,2026-04-01,Customer_320,,Food,97874
1685,2026-03-01,Customer_687,Biryani,Food,N/A
1686,2026-02-17,Customer_137,Biryani,Food,86701
1687,2026-04-13,Customer_548,Pizza,Food,67393
1688,2026-01-02,Customer_163,Fries,Food,71892
1689,2026-01-12,Customer_559,Biryani,Food,50185
1690,2026-01-26,Customer_346,Biryani,Food,26887
1691,2026-04-30,Customer_440,Fries,Food,74546
1692,2026-01-31,Customer_274,Burger,Food,82900
1693,2026-02-18,Customer_668,Fries,Food,92921
1694,2026-03-04,Customer_682,Roll,Food,26359
1695,2026-01-23,Customer_57,Biryani,Food,44308
1696,2026-01-15,,Pizza,food,18300
1697,2026-04-04,Customer_138,Sandwich,Food,65181
1698,2026-03-12,Customer_793,,Food,57419
1699,2026-04-12,Customer_535,Burger,Food,5993
1700,2026-03-24,Customer_232,Biryani,food,67001
1701,2026-01-22,Customer_273,Roll,Food,93589
1702,2026-02-16,Customer_735,Roll,Food,85547
1703,2026-02-13,Customer_695,Burger,Food,N/A
1704,2026-02-04,Customer_673,Combo,Food,57423
1705,2026-03-16,Customer_590,Biryani,Food,52599
1706,2026-01-17,Customer_606,Pizza,Food,58861
1707,2026-01-24,Customer_533,Sandwich,Food,9449
1708,2026-04-01,Customer_649,Combo,Food,94658
1709,2026-02-12,,Roll,Food,60073
1710,2026-04-07,Customer_158,,Food,32358
1711,2026-04-08,Customer_631,Roll,Food,33866
1712,2026-01-12,Customer_701,Burger,Food,80681
1713,2026-03-12,Customer_658,Roll,Food,82057rs
1714,2026-04-21,Customer_415,Roll,Food,86717
1715,2026-04-25,Customer_170,Pasta,Food,68290
1716,2026-02-28,Customer_167,Burger,Food,60303
1717,2026-04-26,Customer_712,Pizza,Food,35227
1718,2026-01-03,Customer_759,Pasta,Food,92147
1719,2026-01-18,Customer_45,Pasta,Food,20657
1720,2026-03-27,Customer_671,Sandwich,Food,90815rs
1721,2026-03-24,Customer_780,Fries,Food,4009
1722,2026-01-22,Customer_525,Sandwich,Food,2961
1723,2026-01-29,Customer_627,Roll,Food,12370
1724,2026-01-06,Customer_178,Pizza,Food,88438
1725,2026-03-01,Customer_102,Burger,Food,77766
1726,2026-04-15,Customer_231,Pizza,Food,60715
1727,2026-04-24,Customer_705,Pizza,Food,8865
1728,2026-04-16,Customer_217,Burger,Food,N/A
1729,2026-01-05,Customer_498,Roll,Food,67460
1730,2026-04-08,Customer_7,Burger,Food,91281
1731,2026-01-07,Customer_633,Combo,Food,13700
1732,2026-03-17,Customer_543,Sandwich,Food,92996
1733,2026-03-07,Customer_704,Roll,Food,83838
1734,2026-01-31,Customer_301,Burger,Food,55779
1735,2026-02-07,Customer_344,Biryani,Food,69198
1736,2026-01-19,Customer_752,Pasta,Food,N/A
1737,2026-03-28,Customer_200,Biryani,Food,32809
1738,2026-02-20,Customer_656,Combo,Food,51732
1739,2026-02-11,Customer_430,Roll,Food,60548
1740,2026-01-26,Customer_559,Fries,Food,52758
1741,2026-03-29,Customer_625,Sandwich,Food,66936
1742,2026-02-24,Customer_570,Pizza,Food,67596
1743,2026-03-14,,Roll,Food,21417
1744,2026-04-16,Customer_787,Pasta,Food,9512
1745,2026-04-19,Customer_525,Biryani,Food,60660
1746,2026-04-11,Customer_745,Pasta,Food,43081
1747,2026-02-17,Customer_199,Pasta,Food,33391
1748,2026-01-24,Customer_607,Sandwich,Food,12286
1749,2026-05-01,Customer_343,Combo,Food,46691
1750,2026-02-15,Customer_281,Fries,Food,62175
1751,2026-02-06,Customer_367,Biryani,Food,N/A
1752,2026-04-22,Customer_314,Burger,Food,52213
1753,2026-02-13,Customer_232,Pizza,Food,2350
1754,2026-03-03,Customer_151,Sandwich,Food,6194
1755,2026-01-10,Customer_507,Pizza,Food,86604
1756,2026-02-17,Customer_484,Pasta,Food,51488
1757,2026-03-17,Customer_248,Fries,Food,55834
1758,2026-03-04,Customer_687,Burger,Food,25877
1759,2026-02-18,Customer_312,Pasta,Food,60275
1760,2026-01-11,Customer_155,Pizza,Food,41994
1761,2026-03-05,Customer_260,Pizza,Food,54489
1762,2026-03-20,Customer_237,Roll,Food,53652
1763,2026-02-03,Customer_790,Burger,Food,N/A
1764,2026-01-19,Customer_145,Biryani,Food,26566
1765,2026-04-14,Customer_701,Sandwich,food,21330
1766,2026-03-04,Customer_735,Fries,Food,4718
1767,2026-05-01,Customer_139,Burger,Food,31595
1768,2026-03-26,Customer_772,Burger,Food,80962rs
1769,2026-01-13,Customer_569,Combo,food,19734
1770,2026-03-02,Customer_90,Biryani,Food,94471
1771,2026-02-05,Customer_348,Burger,Food,76840
1772,2026-01-09,Customer_51,Pizza,Food,3193
1773,2026-01-12,Customer_361,Roll,Food,17785
1774,2026-02-13,Customer_77,Combo,Food,21808
1775,2026-02-27,Customer_200,Biryani,Food,65793
1776,2026-01-08,Customer_444,Biryani,food,63939
1777,2026-04-10,Customer_416,Roll,Food,43057
1778,2026-01-24,Customer_544,Biryani,Food,92166
1779,2026-02-26,Customer_733,Pizza,Food,96038
1780,2026-02-20,Customer_10,Roll,Food,22758
1781,2026-02-07,Customer_616,Roll,Food,26885
1782,2026-02-09,Customer_548,Burger,Food,35060
1783,2026-03-12,Customer_62,Burger,Food,14257
1784,2026-02-23,,Fries,Food,525
1785,2026-04-11,Customer_333,Burger,Food,85698
1786,2026-02-10,Customer_105,Pasta,Food,84965
1787,2026-02-13,Customer_420,Pasta,Food,35475
1788,2026-03-07,Customer_415,Biryani,Food,64201
1789,2026-03-22,Customer_646,Combo,Food,36785
1790,2026-03-14,Customer_460,Biryani,Food,97897
1791,2026-01-24,Customer_256,Pizza,Food,91273
1792,2026-04-10,Customer_3,Sandwich,Food,2898
1793,2026-01-29,Customer_262,Burger,Food,82047
1794,2026-02-15,Customer_222,Sandwich,Food,19502
1795,2026-03-17,Customer_341,Pizza,Food,94351
1796,2026-01-20,Customer_100,Combo,Food,42817
1797,2026-01-02,Customer_347,Burger,Food,79864
1798,2026-03-03,Customer_280,Fries,Food,17355
1799,2026-02-09,Customer_262,Pasta,Food,27444
1800,2026-04-20,Customer_773,Burger,Food,94703
1801,2026-01-11,Customer_47,Roll,Food,93060
1802,2026-01-27,Customer_635,Pizza,Food,N/A
1803,2026-01-26,Customer_325,Roll,Food,22123
1804,2026-04-19,Customer_582,Burger,Food,4642
1805,2026-01-02,Customer_560,Combo,Food,69742
1806,2026-02-23,Customer_193,Sandwich,Food,64882
1807,2026-01-07,Customer_542,Roll,Food,90470
1808,2026-04-13,Customer_641,Biryani,Food,23578
1809,2026-03-28,,Pasta,food,75420
1810,2026-04-19,Customer_6,Burger,Food,37319
1811,2026-04-16,Customer_344,Burger,Food,22066
1812,2026-03-06,Customer_75,,food,59856
1813,2026-04-28,Customer_154,Pizza,Food,25477
1814,2026-01-19,Customer_188,,Food,26966rs
1815,2026-01-22,Customer_118,Roll,Food,N/A
1816,2026-02-19,Customer_741,Sandwich,Food,46256
1817,2026-01-07,Customer_287,Pasta,Food,38217
1818,2026-04-09,Customer_37,Fries,Food,61903
1819,2026-01-03,Customer_500,Fries,Food,26945
1820,2026-02-13,Customer_248,Pizza,Food,8224
1821,2026-02-05,Customer_394,Biryani,Food,12796
1822,2026-03-31,Customer_215,Pasta,Food,76398
1823,2026-02-23,Customer_658,Pizza,food,54556
1824,2026-03-13,Customer_359,,Food,65754
1825,2026-01-27,Customer_201,Pasta,Food,99589
1826,2026-01-14,Customer_9,Roll,Food,77914
1827,2026-02-17,Customer_792,,Food,47107
1828,2026-03-19,Customer_259,Biryani,Food,19829
1829,2026-03-07,Customer_502,Roll,Food,2355
1830,2026-04-29,Customer_253,,Food,3974
1831,2026-01-25,Customer_368,Burger,Food,81137
1832,2026-03-22,Customer_198,Roll,Food,38323
1833,2026-01-01,Customer_441,Roll,Food,69814
1834,2026-01-11,Customer_174,Biryani,Food,79181
1835,2026-03-16,Customer_415,Pizza,Food,N/Ars
1836,2026-04-08,Customer_445,Pasta,Food,20286
1837,2026-02-05,Customer_331,Biryani,Food,45935
1838,2026-02-06,Customer_116,Fries,Food,29912
1839,2026-03-05,Customer_296,Pasta,Food,11621
1840,2026-03-07,Customer_160,Biryani,Food,21128
1841,2026-02-18,Customer_467,Biryani,Food,15592
1842,2026-03-25,Customer_541,Fries,Food,55001
1843,2026-03-27,Customer_705,Pasta,Food,3556
1844,2026-04-23,Customer_536,,Food,N/A
1845,2026-04-18,Customer_363,Pasta,Food,17377
1846,2026-02-20,Customer_556,Fries,Food,24748
1847,2026-02-16,Customer_549,Pasta,Food,44205
1848,2026-03-29,Customer_645,Sandwich,food,64461
1849,2026-02-26,Customer_139,Sandwich,Food,66224rs
1850,2026-01-03,Customer_683,Biryani,Food,4818
1851,2026-03-12,Customer_410,Fries,Food,51764
1852,2026-02-12,Customer_634,Fries,Food,985
1853,2026-03-25,Customer_370,Biryani,Food,38525
1854,2026-03-23,Customer_598,Sandwich,Food,71345
1855,2026-03-17,Customer_657,Pasta,food,14354
1856,2026-03-13,Customer_621,Fries,Food,84267
1857,2026-03-17,Customer_450,Roll,Food,13470rs
1858,2026-04-28,Customer_25,Biryani,Food,N/A
1859,2026-02-14,Customer_485,Burger,Food,84609
1860,2026-01-28,Customer_293,Fries,Food,62380
1861,2026-01-23,Customer_653,Burger,Food,69273
1862,2026-01-02,Customer_514,Pasta,Food,16801
1863,2026-04-29,Customer_116,Fries,Food,75575
1864,2026-01-03,Customer_428,Sandwich,Food,9518rs
1865,2026-04-21,Customer_148,Pizza,Food,31570
1866,2026-02-21,Customer_605,Pizza,Food,16629
1867,2026-02-19,Customer_439,Pizza,Food,83051
1868,2026-02-06,Customer_648,Sandwich,Food,21693
1869,2026-04-10,Customer_251,Pizza,Food,6919
1870,2026-02-10,Customer_78,Pizza,Food,98653
1871,2026-03-03,Customer_695,Roll,Food,84692
1872,2026-03-27,Customer_514,Pasta,Food,47191
1873,2026-02-02,Customer_188,Pizza,Food,37903
1874,2026-03-05,Customer_737,Burger,Food,N/A
1875,2026-03-04,,Fries,Food,75191
1876,2026-02-12,Customer_441,Roll,Food,N/A
1877,2026-04-03,Customer_316,Sandwich,Food,80530
1878,2026-01-03,Customer_106,Combo,Food,20106
1879,2026-02-15,Customer_475,Biryani,Food,59630
1880,2026-01-14,Customer_307,Pizza,Food,59348
1881,2026-04-19,Customer_647,Combo,Food,51251
1882,2026-03-26,Customer_68,,Food,59672
1883,2026-03-16,Customer_600,Roll,Food,98520
1884,2026-01-14,Customer_358,Sandwich,Food,60069
1885,2026-01-02,Customer_412,Fries,Food,76398
1886,2026-04-17,Customer_244,Biryani,Food,17266
1887,2026-02-26,Customer_691,Roll,Food,30676
1888,2026-02-17,Customer_771,Pasta,Food,97621
1889,2026-01-10,Customer_581,Fries,Food,24082
1890,2026-01-05,Customer_489,Sandwich,Food,93600
1891,2026-02-24,Customer_193,Burger,Food,68674
1892,2026-01-25,Customer_418,Pasta,Food,11516
1893,2026-04-27,Customer_733,Pizza,Food,48414
1894,2026-02-01,Customer_436,Biryani,Food,99997
1895,2026-04-14,Customer_135,Combo,Food,31408
1896,2026-03-29,Customer_600,Burger,Food,71231
1897,2026-02-22,Customer_442,Biryani,Food,77885
1898,2026-04-16,Customer_322,Biryani,Food,36890
1899,2026-01-19,Customer_332,Combo,Food,37027
1900,2026-05-01,Customer_423,Combo,Food,59473
1901,2026-01-27,Customer_367,Roll,Food,89698
1902,2026-03-09,Customer_507,Biryani,Food,11871
1903,2026-01-27,Customer_326,Pasta,Food,N/A
1904,2026-04-22,Customer_209,Biryani,food,66596
1905,2026-03-13,Customer_598,Pasta,Food,85265
1906,2026-02-01,Customer_789,Pizza,Food,36490
1907,2026-01-11,Customer_605,Fries,Food,98626
1908,2026-03-22,Customer_762,Biryani,Food,64460
1909,2026-02-13,Customer_613,Sandwich,Food,15487
1910,2026-01-10,Customer_258,Fries,Food,27580
1911,2026-03-26,Customer_73,Roll,Food,4881
1912,2026-02-18,Customer_676,Combo,Food,30254
1913,2026-01-10,Customer_32,Roll,Food,17934rs
1914,2026-04-14,Customer_553,Roll,Food,67442
1915,2026-01-05,Customer_553,Fries,Food,85823
1916,2026-01-31,Customer_224,Fries,Food,20569
1917,2026-04-23,Customer_635,Pizza,Food,65128
1918,2026-04-18,Customer_83,Burger,Food,46318
1919,2026-01-29,Customer_87,Pizza,Food,16249
1920,2026-02-22,Customer_346,,Food,47207
1921,2026-04-11,Customer_645,Combo,Food,16935
1922,2026-02-08,Customer_668,Burger,Food,62208
1923,2026-02-18,Customer_451,Sandwich,Food,19271
1924,2026-02-24,Customer_413,Fries,Food,9300
1925,2026-02-15,Customer_638,Roll,Food,74445
1926,2026-02-18,Customer_17,,Food,58104
1927,2026-04-04,Customer_69,Biryani,food,23642
1928,2026-03-26,Customer_708,Sandwich,Food,81170
1929,2026-04-21,,Combo,Food,51337
1930,2026-03-04,Customer_47,Combo,Food,87610rs
1931,2026-04-08,Customer_305,Burger,Food,11899
1932,2026-02-04,Customer_285,Pasta,Food,5341
1933,2026-01-16,Customer_187,Pizza,Food,73822
1934,2026-01-17,Customer_450,Burger,Food,10473
1935,2026-04-15,Customer_131,Biryani,Food,90048
1936,2026-03-13,Customer_428,Pizza,Food,91461
1937,2026-03-22,Customer_254,Pizza,Food,83021
1938,2026-02-20,Customer_567,Fries,Food,95977
1939,2026-01-13,Customer_40,Sandwich,Food,12264
1940,2026-03-13,,Burger,Food,79201
1941,2026-03-30,Customer_196,Sandwich,Food,4690
1942,2026-04-30,Customer_756,Sandwich,Food,77231
1943,2026-01-04,Customer_163,Pasta,Food,99633rs
1944,2026-02-13,Customer_180,Pasta,Food,25767
1945,2026-01-01,Customer_191,Burger,Food,67367
1946,2026-04-15,Customer_443,Roll,Food,38864
1947,2026-02-13,Customer_795,Sandwich,Food,34777
1948,2026-01-10,Customer_371,Roll,Food,69703
1949,2026-03-03,Customer_659,Pizza,Food,10978
1950,2026-03-28,Customer_498,Combo,Food,N/A
1951,2026-04-08,Customer_442,Pizza,Food,81859
1952,2026-03-16,Customer_550,,Food,18875
1953,2026-03-21,Customer_124,Pasta,Food,51281rs
1954,2026-03-07,Customer_9,Combo,Food,4646
1955,2026-01-19,Customer_60,Roll,Food,32300
1956,2026-04-08,Customer_758,Roll,Food,73896
1957,2026-03-07,Customer_378,Biryani,Food,26851
1958,2026-03-16,,Roll,Food,84646
1959,2026-02-28,Customer_10,Pasta,Food,31092
1960,2026-03-26,Customer_585,Biryani,Food,32113
1961,2026-01-04,Customer_441,Burger,Food,47449
1962,2026-02-04,Customer_566,Combo,Food,42383
1963,2026-03-23,Customer_70,Combo,Food,35732
1964,2026-03-08,Customer_558,Biryani,Food,4647
1965,2026-01-09,Customer_253,Fries,Food,N/A
1966,2026-02-15,Customer_468,Burger,Food,37863
1967,2026-02-01,Customer_640,Roll,Food,69745
1968,2026-04-23,Customer_265,Pasta,Food,71172
1969,2026-04-05,Customer_375,Pasta,Food,38692
1970,2026-03-25,Customer_658,Roll,Food,45757
1971,2026-04-24,Customer_190,Roll,Food,89558
1972,2026-02-17,Customer_598,Biryani,Food,89038
1973,2026-03-09,Customer_682,Combo,Food,52716
1974,2026-04-09,Customer_142,Roll,Food,5918
1975,2026-02-18,Customer_235,Roll,Food,74335
1976,2026-01-31,Customer_232,Combo,Food,90673
1977,2026-04-07,Customer_72,Combo,Food,26382
1978,2026-02-16,Customer_565,Combo,Food,64127
1979,2026-03-05,Customer_737,Burger,food,27602
1980,2026-03-30,Customer_624,Pizza,Food,30342
1981,2026-04-05,Customer_414,Pizza,Food,80843
1982,2026-02-24,Customer_469,Biryani,Food,51645
1983,2026-04-03,Customer_627,Burger,Food,12532
1984,2026-02-03,Customer_780,,Food,55042
1985,2026-03-18,Customer_741,Combo,Food,77972rs
1986,2026-04-16,Customer_44,Burger,Food,29605
1987,2026-01-28,Customer_45,Burger,food,43050
1988,2026-03-21,Customer_480,Sandwich,Food,95384
1989,2026-01-25,Customer_651,Pizza,Food,82965
1990,2026-01-16,Customer_275,Fries,Food,13118
1991,2026-01-29,Customer_708,,Food,76230
1992,2026-04-20,,Roll,Food,83291
1993,2026-03-31,Customer_767,Sandwich,Food,25213
1994,2026-02-13,Customer_358,Burger,Food,6360
1995,2026-03-20,Customer_652,Roll,Food,77060
1996,2026-03-11,Customer_204,Pizza,Food,72552
1997,2026-03-31,Customer_223,Sandwich,Food,5423
1998,2026-02-07,Customer_468,Pasta,Food,11843
1999,2026-03-20,Customer_427,Combo,Food,1245rs
2000,2026-03-20,Customer_645,Pizza,Food,30765
2001,2026-01-12,Customer_430,Pasta,Food,56484
2002,2026-01-25,Customer_1,Combo,Food,53399
2003,2026-01-08,Customer_130,Combo,Food,72475
2004,2026-03-04,Customer_464,Combo,Food,106
2005,2026-04-30,Customer_676,Combo,Food,65594
2006,2026-01-27,Customer_308,Biryani,Food,92444
2007,2026-02-06,Customer_147,Biryani,Food,84707
2008,2026-04-19,Customer_10,Pizza,Food,91539
2009,2026-02-02,Customer_434,Fries,Food,41636
2010,2026-03-18,Customer_517,Roll,Food,N/A
2011,2026-02-19,Customer_576,Combo,Food,89487
2012,2026-04-24,Customer_720,Fries,Food,N/A
2013,2026-02-11,Customer_681,Roll,Food,23139
2014,2026-02-04,Customer_493,Burger,Food,N/A
2015,2026-02-15,Customer_39,Sandwich,Food,4007
2016,2026-04-08,Customer_794,Sandwich,Food,49020
2017,2026-02-06,Customer_730,Burger,Food,50997
2018,2026-02-26,Customer_298,Biryani,Food,88403
2019,2026-04-11,Customer_535,Fries,Food,97205
2020,2026-02-26,Customer_375,Sandwich,Food,82941
2021,2026-04-11,Customer_773,Sandwich,Food,62832
2022,2026-04-14,Customer_256,Pizza,Food,48877
2023,2026-04-13,Customer_593,Biryani,Food,75926
2024,2026-01-06,Customer_157,,Food,10537
2025,2026-02-09,Customer_800,Pasta,Food,76693
2026,2026-05-01,Customer_284,Pasta,Food,60497
2027,2026-02-05,Customer_515,Sandwich,Food,31723
2028,2026-02-11,Customer_696,Combo,Food,99645
2029,2026-03-17,Customer_45,Sandwich,Food,60780
2030,2026-02-15,Customer_471,Burger,Food,226
2031,2026-01-29,Customer_613,Pizza,Food,75713
2032,2026-04-22,Customer_49,Biryani,Food,36200
2033,2026-01-27,Customer_239,,Food,91250
2034,2026-02-10,Customer_403,Combo,Food,54985
2035,2026-01-12,Customer_744,Sandwich,Food,83029
2036,2026-03-13,Customer_648,Burger,Food,6478
2037,2026-01-27,Customer_297,Combo,Food,70320
2038,2026-02-01,Customer_723,Combo,Food,46553
2039,2026-04-15,Customer_415,Biryani,Food,92865
2040,2026-02-26,Customer_729,Pasta,Food,N/A
2041,2026-01-26,Customer_110,Pizza,Food,23301
2042,2026-03-03,Customer_600,Burger,Food,58459
2043,2026-02-26,,Biryani,Food,63124
2044,2026-03-05,Customer_197,Biryani,Food,66962
2045,2026-02-25,,Pizza,Food,8520
2046,2026-01-13,Customer_73,Pizza,Food,10794
2047,2026-02-28,Customer_776,Sandwich,Food,53688
2048,2026-03-23,Customer_19,,Food,30724
2049,2026-02-01,Customer_553,Fries,Food,86542
2050,2026-03-09,Customer_339,Combo,Food,77196
2051,2026-01-25,,Sandwich,Food,14454
2052,2026-04-17,Customer_57,Roll,Food,65577
2053,2026-03-12,Customer_185,Pasta,Food,33902
2054,2026-04-12,Customer_476,Burger,Food,99374
2055,2026-03-29,Customer_4,Biryani,Food,15894
2056,2026-02-14,Customer_52,Combo,Food,35209
2057,2026-04-25,Customer_188,Roll,food,54442
2058,2026-04-08,Customer_695,Pasta,Food,11720
2059,2026-03-15,Customer_469,Pasta,Food,2041
2060,2026-01-16,Customer_419,,Food,31168
2061,2026-04-05,Customer_89,Burger,Food,79117
2062,2026-02-14,Customer_407,Pizza,Food,56356
2063,2026-04-16,Customer_59,Pasta,Food,6257
2064,2026-03-13,Customer_448,Combo,Food,47538
2065,2026-03-15,Customer_738,Burger,food,59642
2066,2026-02-27,Customer_190,Pizza,Food,5301
2067,2026-04-07,Customer_118,Biryani,Food,78838
2068,2026-03-05,Customer_233,Combo,Food,7238
2069,2026-03-10,Customer_155,Pizza,Food,73999
2070,2026-03-20,Customer_798,Biryani,Food,16130
2071,2026-02-10,Customer_624,Combo,Food,35150rs
2072,2026-03-14,Customer_613,Fries,Food,64883
2073,2026-01-27,,Roll,Food,50740
2074,2026-03-15,Customer_582,,Food,31949
2075,2026-04-10,Customer_450,Fries,Food,97195
2076,2026-03-15,Customer_277,Pizza,Food,68488
2077,2026-01-23,,Pasta,Food,19337
2078,2026-03-03,Customer_355,Pizza,Food,5868
2079,2026-04-16,Customer_432,Combo,Food,27321rs
2080,2026-01-14,Customer_712,Roll,Food,55424
2081,2026-03-02,,Biryani,Food,28553
2082,2026-04-10,Customer_312,Fries,Food,1314
2083,2026-02-21,Customer_491,Pizza,Food,66198
2084,2026-03-17,Customer_85,,Food,16760
2085,2026-04-07,Customer_562,Fries,Food,77481
2086,2026-02-20,Customer_572,Pasta,Food,N/A
2087,2026-01-28,Customer_604,Fries,Food,41485
2088,2026-04-18,Customer_298,Pasta,Food,78491
2089,2026-01-30,Customer_675,Roll,Food,59180
2090,2026-02-06,Customer_198,Burger,Food,24589
2091,2026-01-21,,Sandwich,Food,80554
2092,2026-03-22,Customer_324,Sandwich,Food,N/A
2093,2026-04-05,Customer_40,Combo,Food,56993rs
2094,2026-01-06,Customer_351,Fries,Food,29920
2095,2026-04-05,Customer_764,Burger,Food,21204
2096,2026-04-25,Customer_548,Sandwich,Food,36659
2097,2026-02-16,Customer_334,Fries,food,30650
2098,2026-04-02,Customer_465,Roll,Food,67454
2099,2026-03-30,Customer_606,Fries,Food,49516
2100,2026-02-10,Customer_785,Sandwich,Food,3712rs
2101,2026-04-17,Customer_472,,Food,68861
2102,2026-01-04,Customer_436,Combo,Food,17093
2103,2026-04-14,Customer_564,Combo,Food,62146
2104,2026-02-15,Customer_487,Biryani,Food,55946
2105,2026-01-06,Customer_164,Pizza,Food,10409
2106,2026-02-08,Customer_614,Biryani,Food,81142
2107,2026-04-03,Customer_397,Pizza,food,78590
2108,2026-01-27,Customer_281,Sandwich,Food,14074
2109,2026-04-20,Customer_556,Roll,Food,89177
2110,2026-04-02,Customer_772,Pizza,Food,1844
2111,2026-01-24,Customer_136,Fries,Food,81534
2112,2026-01-27,Customer_667,Fries,Food,47155
2113,2026-05-01,Customer_436,,Food,19696
2114,2026-04-10,Customer_704,Sandwich,Food,85945
2115,2026-03-04,Customer_629,Pasta,Food,65464
2116,2026-04-18,Customer_795,Pizza,Food,25856
2117,2026-04-27,Customer_220,Roll,Food,N/A
2118,2026-01-11,Customer_598,Pasta,Food,5017
2119,2026-02-04,Customer_660,Biryani,Food,78448
2120,2026-04-12,Customer_552,Biryani,Food,12124
2121,2026-04-25,,Pasta,Food,89115
2122,2026-04-07,Customer_775,Pasta,Food,68515
2123,2026-01-07,Customer_388,Pizza,Food,50897
2124,2026-03-10,Customer_389,Pasta,Food,33212
2125,2026-01-29,Customer_553,Burger,Food,42935
2126,2026-02-12,,Fries,Food,98623
2127,2026-03-28,Customer_360,Combo,Food,54870
2128,2026-04-16,Customer_738,Fries,Food,50629
2129,2026-04-24,Customer_760,Biryani,Food,80049
2130,2026-02-24,Customer_707,Biryani,food,86182rs
2131,2026-03-14,Customer_159,Combo,Food,97455
2132,2026-03-13,Customer_179,Combo,Food,17431
2133,2026-03-27,Customer_277,Roll,Food,59439
2134,2026-02-01,Customer_639,Pasta,Food,99831
2135,2026-01-06,Customer_515,Pizza,Food,58019rs
2136,2026-01-20,Customer_785,Fries,Food,29068
2137,2026-04-03,Customer_111,Pizza,Food,98927
2138,2026-04-18,Customer_392,Fries,Food,75933
2139,2026-01-04,Customer_430,Biryani,Food,72574
2140,2026-04-25,Customer_252,Combo,Food,33553
2141,2026-02-17,Customer_585,Pasta,Food,16620
2142,2026-04-05,Customer_576,Burger,Food,14833
2143,2026-03-12,Customer_293,Pizza,Food,31678
2144,2026-04-08,Customer_564,Combo,Food,72088
2145,2026-02-26,Customer_91,,Food,7816
2146,2026-03-24,Customer_629,Pizza,Food,19754
2147,2026-01-11,Customer_266,Roll,Food,93379
2148,2026-04-16,Customer_74,Sandwich,Food,2231
2149,2026-03-05,Customer_736,Roll,Food,73912
2150,2026-04-13,Customer_747,Sandwich,Food,13761
2151,2026-03-08,Customer_493,Sandwich,Food,83940
2152,2026-02-04,Customer_767,Sandwich,food,84840
2153,2026-01-13,Customer_765,Fries,Food,39154
2154,2026-01-31,Customer_8,Pizza,Food,97045rs
2155,2026-04-14,Customer_342,Pasta,Food,19791
2156,2026-04-22,Customer_172,Pasta,Food,12122
2157,2026-04-18,Customer_329,Combo,Food,43383
2158,2026-04-27,Customer_75,Roll,Food,82034rs
2159,2026-02-19,Customer_294,Burger,Food,97575
2160,2026-02-13,Customer_452,Roll,Food,30354
2161,2026-03-01,Customer_599,Burger,Food,15126
2162,2026-03-18,Customer_458,Burger,Food,57548
2163,2026-02-01,Customer_159,,Food,83203
2164,2026-02-23,Customer_280,Pizza,Food,74988
2165,2026-02-17,Customer_280,Sandwich,Food,13906
2166,2026-02-13,Customer_135,Burger,Food,26235
2167,2026-03-08,Customer_140,Biryani,Food,88975
2168,2026-04-21,Customer_784,Combo,Food,99470
2169,2026-03-15,Customer_486,Pizza,Food,81570rs
2170,2026-02-17,Customer_319,Combo,Food,90983
2171,2026-01-29,Customer_14,Sandwich,Food,76367
2172,2026-02-08,Customer_260,Pasta,Food,46500
2173,2026-02-02,Customer_694,Pasta,Food,50614
2174,2026-05-01,Customer_559,Biryani,Food,75270
2175,2026-01-29,Customer_586,Biryani,Food,6847
2176,2026-03-18,Customer_393,Roll,Food,19213
2177,2026-03-13,Customer_18,Biryani,Food,72440
2178,2026-02-27,Customer_540,Pasta,Food,46570
2179,2026-01-28,Customer_179,Combo,Food,19654
2180,2026-02-04,Customer_63,Roll,Food,4381
2181,2026-04-25,Customer_47,Roll,Food,27241
2182,2026-01-03,Customer_774,Combo,Food,84714
2183,2026-02-05,Customer_176,Combo,Food,60813
2184,2026-03-11,Customer_329,Pasta,Food,91281
2185,2026-01-30,Customer_717,Biryani,Food,87656
2186,2026-02-08,Customer_263,Burger,Food,45091
2187,2026-03-19,Customer_619,Fries,Food,10392
2188,2026-01-21,Customer_717,Sandwich,Food,37055
2189,2026-01-13,,Sandwich,Food,53023
2190,2026-02-10,Customer_504,Pasta,Food,13809
2191,2026-02-09,Customer_674,Biryani,Food,4290
2192,2026-02-13,Customer_191,,Food,2213
2193,2026-03-12,Customer_337,Roll,Food,8789
2194,2026-04-01,Customer_552,Sandwich,Food,62428
2195,2026-03-02,Customer_670,Fries,Food,67390rs
2196,2026-04-06,Customer_261,Fries,Food,77378
2197,2026-01-08,Customer_447,Pasta,Food,8846
2198,2026-04-26,Customer_513,Biryani,Food,7554
2199,2026-03-03,Customer_609,Combo,Food,53944
2200,2026-02-11,Customer_151,Fries,Food,57955
2201,2026-03-30,Customer_479,Burger,Food,9494
2202,2026-03-15,Customer_692,Biryani,Food,94836
2203,2026-01-05,Customer_170,,Food,59638
2204,2026-01-01,Customer_376,Roll,Food,23988
2205,2026-03-15,Customer_767,Combo,Food,66216
2206,2026-01-17,Customer_364,Biryani,Food,29872
2207,2026-01-19,Customer_478,Roll,Food,17428
2208,2026-01-27,Customer_663,Biryani,food,5914
2209,2026-04-04,Customer_790,Biryani,Food,75378
2210,2026-01-06,Customer_322,Roll,Food,13428
2211,2026-01-05,Customer_229,Pasta,Food,33190
2212,2026-02-11,Customer_475,Combo,Food,15625rs
2213,2026-02-09,Customer_252,Sandwich,Food,8697
2214,2026-03-29,Customer_339,Roll,Food,29298
2215,2026-03-04,Customer_90,Pasta,Food,14506
2216,2026-02-25,Customer_490,Pasta,Food,2937
2217,2026-04-10,Customer_419,Pasta,Food,19654
2218,2026-03-02,Customer_188,Roll,Food,36753
2219,2026-03-17,Customer_539,Biryani,Food,20248
2220,2026-04-16,,Burger,Food,38709
2221,2026-03-24,,Pasta,Food,85420
2222,2026-02-11,Customer_211,Biryani,Food,9126
2223,2026-03-08,Customer_444,,Food,95736
2224,2026-01-06,Customer_641,Pizza,Food,N/A
2225,2026-04-09,Customer_157,Pasta,Food,17066
2226,2026-02-06,Customer_251,Pasta,Food,98138
2227,2026-01-30,Customer_60,Fries,Food,95073
2228,2026-01-04,Customer_461,Biryani,Food,9697
2229,2026-04-21,Customer_573,Roll,Food,74524
2230,2026-01-17,Customer_463,Combo,Food,16102
2231,2026-01-07,Customer_80,Pizza,Food,99714
2232,2026-01-31,Customer_505,Burger,Food,47138
2233,2026-03-21,Customer_108,Sandwich,Food,71163
2234,2026-04-10,Customer_211,Biryani,Food,72058
2235,2026-03-26,Customer_717,Roll,Food,53859
2236,2026-04-14,Customer_250,Burger,Food,56596
2237,2026-01-22,Customer_201,Sandwich,Food,43228
2238,2026-03-19,Customer_95,Fries,Food,35544
2239,2026-02-15,Customer_152,Pizza,Food,17771
2240,2026-03-25,Customer_66,,Food,37396
2241,2026-03-24,Customer_605,Burger,Food,20791
2242,2026-02-23,Customer_204,Combo,Food,N/A
2243,2026-03-30,Customer_582,Pasta,Food,50543
2244,2026-03-02,Customer_564,Burger,Food,75751
2245,2026-04-25,Customer_433,Sandwich,Food,2605
2246,2026-01-15,Customer_515,,Food,73020
2247,2026-03-06,Customer_193,Pasta,Food,84612
2248,2026-02-23,Customer_374,Fries,Food,71791
2249,2026-01-14,Customer_364,Combo,Food,62540
2250,2026-01-30,Customer_727,Sandwich,Food,69353
2251,2026-04-27,Customer_362,Pasta,Food,42781
2252,2026-03-29,Customer_756,Fries,Food,90155
2253,2026-04-03,Customer_759,,Food,37850
2254,2026-03-11,Customer_681,Burger,Food,15204
2255,2026-04-17,,Pizza,Food,8477
2256,2026-02-15,Customer_440,Roll,Food,68653
2257,2026-01-06,Customer_778,Biryani,Food,87069
2258,2026-01-30,Customer_552,Burger,Food,24041
2259,2026-03-05,Customer_638,Pasta,Food,34567
2260,2026-04-02,Customer_756,Pizza,Food,39007
2261,2026-03-21,Customer_115,Roll,Food,64954
2262,2026-04-02,Customer_676,Pizza,food,76146
2263,2026-02-02,Customer_27,Pizza,Food,51215
2264,2026-02-11,Customer_736,Combo,Food,24791
2265,2026-02-08,Customer_365,Biryani,Food,25672rs
2266,2026-03-05,Customer_789,Biryani,Food,14062
2267,2026-02-27,Customer_389,Biryani,Food,64683
2268,2026-01-09,Customer_706,Burger,Food,92587
2269,2026-04-01,Customer_130,Sandwich,Food,28257
2270,2026-03-13,Customer_156,Combo,Food,19992
2271,2026-02-22,Customer_104,Combo,Food,18840
2272,2026-02-27,Customer_133,Roll,Food,39996
2273,2026-02-27,Customer_484,Burger,Food,95519
2274,2026-01-16,Customer_489,Roll,Food,26370
2275,2026-01-27,Customer_14,Roll,Food,96583
2276,2026-04-17,Customer_358,Sandwich,Food,N/A
2277,2026-04-17,Customer_617,Pasta,Food,N/Ars
2278,2026-03-15,Customer_430,Burger,Food,96995
2279,2026-02-14,Customer_79,Biryani,Food,59623
2280,2026-04-11,,Roll,Food,8717
2281,2026-01-11,Customer_586,Fries,Food,45208
2282,2026-04-23,Customer_409,Pasta,Food,71889
2283,2026-04-12,Customer_562,Pasta,Food,60884
2284,2026-02-06,Customer_170,,Food,234
2285,2026-01-02,Customer_666,Pasta,Food,52651
2286,2026-04-28,Customer_541,Sandwich,Food,33532
2287,2026-02-28,Customer_545,Roll,Food,94366
2288,2026-03-30,Customer_606,Fries,Food,83539
2289,2026-02-23,Customer_301,Pasta,Food,63589
2290,2026-01-03,Customer_310,Sandwich,Food,55107
2291,2026-03-04,Customer_282,Fries,Food,12490
2292,2026-04-25,Customer_650,Pasta,Food,69380
2293,2026-01-20,Customer_271,Biryani,Food,17887
2294,2026-02-21,Customer_673,Roll,Food,52671
2295,2026-03-20,Customer_89,Pasta,Food,25687
2296,2026-02-13,Customer_329,,Food,50586
2297,2026-01-17,Customer_232,Combo,Food,35643
2298,2026-03-25,Customer_173,Combo,Food,23130
2299,2026-04-21,Customer_490,Fries,Food,57146
2300,2026-01-04,Customer_741,Roll,Food,34720
2301,2026-02-26,Customer_710,Sandwich,Food,84118
2302,2026-02-02,Customer_262,Pizza,Food,32059rs
2303,2026-01-05,Customer_44,Roll,Food,18363
2304,2026-04-15,Customer_101,Sandwich,Food,N/A
2305,2026-03-26,Customer_389,Pizza,Food,83535
2306,2026-02-17,Customer_710,Pasta,Food,84297
2307,2026-01-02,Customer_606,Biryani,Food,72613
2308,2026-04-07,,Biryani,Food,57343
2309,2026-03-04,Customer_744,Combo,Food,3134
2310,2026-02-26,Customer_117,Fries,Food,27674
2311,2026-03-25,Customer_178,Biryani,Food,N/A
2312,2026-02-19,Customer_11,Combo,Food,14791
2313,2026-01-20,Customer_418,Sandwich,Food,85633
2314,2026-01-31,Customer_86,Combo,Food,72672rs
2315,2026-02-24,Customer_277,Sandwich,Food,3469
2316,2026-04-20,Customer_48,Pasta,Food,82531
2317,2026-01-12,Customer_553,Roll,Food,37843
2318,2026-01-10,Customer_424,Burger,Food,52068
2319,2026-01-03,Customer_722,Pasta,Food,34112
2320,2026-01-16,Customer_764,Fries,Food,36207
2321,2026-01-11,,Pizza,Food,74718
2322,2026-04-11,Customer_355,Pizza,Food,54504
2323,2026-04-10,Customer_47,Sandwich,Food,66764
2324,2026-01-17,Customer_660,Fries,Food,4168
2325,2026-04-25,Customer_273,Pizza,Food,14418
2326,2026-04-15,Customer_645,Pasta,Food,40756
2327,2026-03-16,Customer_133,Pasta,Food,34766
2328,2026-03-19,Customer_392,Burger,Food,40952
2329,2026-01-13,Customer_768,Fries,food,12977
2330,2026-03-22,Customer_79,Pasta,Food,16985
2331,2026-04-13,Customer_695,Pasta,Food,59522
2332,2026-02-11,Customer_487,Combo,Food,27408
2333,2026-03-18,Customer_391,Fries,Food,8931
2334,2026-04-26,Customer_262,Pasta,Food,77764rs
2335,2026-04-11,Customer_562,Roll,Food,57531
2336,2026-04-18,Customer_305,Pasta,Food,20883
2337,2026-01-03,Customer_305,Pizza,Food,N/A
2338,2026-04-03,Customer_622,Pizza,Food,78495
2339,2026-03-27,Customer_215,Roll,Food,68847
2340,2026-04-14,Customer_35,Fries,Food,45901
2341,2026-02-03,Customer_156,Biryani,Food,31644
2342,2026-01-07,Customer_607,Fries,Food,25707
2343,2026-02-10,Customer_707,Pizza,Food,62045
2344,2026-02-08,Customer_134,Biryani,Food,66281
2345,2026-01-18,Customer_271,Sandwich,Food,N/A
2346,2026-01-18,Customer_255,Pasta,Food,8638
2347,2026-02-26,,,Food,42317rs
2348,2026-01-16,Customer_172,Biryani,Food,60227
2349,2026-04-03,Customer_572,Pasta,Food,62798
2350,2026-02-24,Customer_305,Biryani,Food,80875rs
2351,2026-04-22,Customer_545,Sandwich,Food,54152
2352,2026-04-13,Customer_620,Pizza,Food,42852
2353,2026-02-18,Customer_97,Fries,Food,16707
2354,2026-03-11,Customer_677,Combo,Food,84212
2355,2026-01-23,Customer_280,Sandwich,Food,7322
2356,2026-01-10,Customer_363,Pasta,Food,3550
2357,2026-04-09,Customer_221,Pizza,Food,39365
2358,2026-04-10,Customer_353,Sandwich,Food,54276
2359,2026-04-15,Customer_224,Combo,Food,12434
2360,2026-04-12,Customer_380,Fries,Food,23208rs
2361,2026-03-11,Customer_773,Roll,food,5011
2362,2026-01-22,Customer_239,Roll,Food,76546
2363,2026-04-15,Customer_622,Combo,Food,60195
2364,2026-01-28,Customer_548,Pasta,Food,16588
2365,2026-02-01,Customer_741,Pizza,Food,72898
2366,2026-01-08,Customer_395,Roll,Food,25788
2367,2026-04-22,Customer_375,,Food,N/A
2368,2026-04-10,Customer_615,Pizza,Food,22178
2369,2026-03-20,Customer_118,Sandwich,Food,44228
2370,2026-04-18,Customer_676,Fries,Food,6908
2371,2026-03-22,Customer_362,Combo,Food,45681
2372,2026-01-23,Customer_473,Sandwich,Food,81229
2373,2026-03-09,Customer_30,Combo,Food,89981
2374,2026-02-04,Customer_131,Fries,Food,64052
2375,2026-04-05,Customer_712,Burger,food,N/A
2376,2026-04-15,Customer_152,,Food,96093
2377,2026-03-31,Customer_179,Burger,Food,18022
2378,2026-04-29,Customer_467,Sandwich,Food,80631
2379,2026-04-18,Customer_581,Combo,food,53086
2380,2026-02-07,Customer_409,Pizza,Food,28682
2381,2026-01-06,Customer_88,Pasta,Food,52319rs
2382,2026-03-09,Customer_509,Burger,Food,36978
2383,2026-03-15,Customer_170,Sandwich,Food,69305
2384,2026-01-24,Customer_380,Biryani,Food,53965
2385,2026-02-08,Customer_151,Pasta,Food,97179
2386,2026-01-23,,Pasta,Food,9484
2387,2026-04-14,Customer_681,Sandwich,Food,38485
2388,2026-04-01,,Biryani,Food,14068
2389,2026-04-07,Customer_424,Fries,Food,5755
2390,2026-03-29,Customer_585,Pasta,Food,17974
2391,2026-04-08,Customer_121,Combo,Food,42028
2392,2026-02-26,Customer_119,Burger,Food,N/A
2393,2026-04-28,Customer_290,Fries,Food,26463
2394,2026-01-23,Customer_463,Fries,Food,42631
2395,2026-03-07,Customer_559,Fries,Food,32871
2396,2026-04-27,Customer_316,Pizza,Food,36356
2397,2026-02-16,Customer_81,Pizza,Food,86131
2398,2026-01-14,Customer_281,Pizza,Food,65613
2399,2026-04-19,Customer_704,Burger,Food,38859
2400,2026-03-11,Customer_56,Burger,Food,62142
2401,2026-02-28,Customer_365,Biryani,Food,40631rs
2402,2026-01-25,Customer_434,Pasta,Food,2320
2403,2026-02-13,Customer_107,Fries,food,N/A
2404,2026-03-18,Customer_252,Fries,food,23782
2405,2026-01-25,Customer_31,Roll,Food,58664
2406,2026-01-08,Customer_505,Pasta,Food,61847
2407,2026-04-17,Customer_229,Sandwich,Food,N/A
2408,2026-01-29,Customer_251,,Food,92313
2409,2026-02-01,Customer_38,Combo,Food,48304
2410,2026-02-20,Customer_63,Pasta,Food,65056
2411,2026-01-27,Customer_646,Roll,Food,88876
2412,2026-02-05,Customer_445,Pasta,Food,25840
2413,2026-01-24,Customer_291,Pasta,Food,859rs
2414,2026-02-24,Customer_755,Burger,Food,51646
2415,2026-01-03,Customer_706,Fries,Food,37205rs
2416,2026-01-28,Customer_174,,Food,59457
2417,2026-01-19,Customer_135,Fries,Food,97307
2418,2026-03-29,Customer_239,Roll,Food,8332
2419,2026-01-23,Customer_237,Sandwich,Food,50309
2420,2026-04-24,Customer_705,Roll,Food,64367
2421,2026-03-03,Customer_162,Burger,Food,N/Ars
2422,2026-03-15,Customer_550,,Food,33473
2423,2026-01-27,Customer_8,Biryani,Food,73274
2424,2026-04-04,Customer_535,,Food,83462
2425,2026-01-02,Customer_465,Biryani,Food,54128
2426,2026-02-09,Customer_492,Burger,Food,23498
2427,2026-04-17,Customer_304,Biryani,Food,42592
2428,2026-02-27,Customer_347,Sandwich,Food,6909
2429,2026-02-26,Customer_326,Roll,Food,97775
2430,2026-01-11,Customer_743,,Food,12828
2431,2026-01-10,Customer_418,Burger,Food,8678
2432,2026-03-17,Customer_454,,Food,27332
2433,2026-03-01,Customer_103,Biryani,food,16152rs
2434,2026-04-28,Customer_133,Biryani,Food,N/A
2435,2026-01-29,Customer_104,,Food,31792
2436,2026-04-07,Customer_441,Fries,Food,86126
2437,2026-04-12,Customer_5,Burger,Food,71796
2438,2026-03-15,Customer_309,Pasta,Food,82406rs
2439,2026-03-03,Customer_302,Sandwich,Food,52933
2440,2026-04-30,Customer_707,Biryani,Food,44368
2441,2026-02-16,Customer_578,,Food,98601
2442,2026-01-26,Customer_329,Sandwich,Food,34124
2443,2026-03-15,Customer_357,Pizza,Food,84120
2444,2026-02-17,Customer_117,Pizza,Food,65444
2445,2026-03-03,Customer_287,Sandwich,Food,26065
2446,2026-02-23,Customer_404,Biryani,Food,N/A
2447,2026-02-06,Customer_136,Pizza,Food,40788
2448,2026-01-14,Customer_493,Roll,Food,59548rs
2449,2026-03-30,Customer_592,Pizza,Food,N/Ars
2450,2026-01-17,,Biryani,Food,22202
2451,2026-02-20,Customer_291,Pizza,Food,25272
2452,2026-03-08,Customer_35,Fries,Food,59194
2453,2026-04-19,Customer_496,Pasta,Food,96719
2454,2026-01-19,Customer_503,Combo,Food,32212
2455,2026-02-09,Customer_9,Biryani,Food,38899
2456,2026-05-01,Customer_2,Combo,Food,N/A
2457,2026-01-27,Customer_697,Pasta,Food,33631
2458,2026-02-18,Customer_438,Fries,Food,91112
2459,2026-03-18,Customer_560,Sandwich,Food,67135
2460,2026-03-21,Customer_691,Combo,Food,85548
2461,2026-03-02,Customer_95,Burger,Food,73648
2462,2026-04-26,Customer_637,Combo,Food,18197rs
2463,2026-02-08,Customer_208,Pizza,Food,90225
2464,2026-03-15,Customer_37,Pizza,Food,47627
2465,2026-04-05,Customer_623,Roll,Food,38721
2466,2026-04-15,Customer_474,Combo,Food,13325
2467,2026-02-13,Customer_62,Roll,Food,97405
2468,2026-03-22,Customer_750,Biryani,food,44344
2469,2026-02-15,Customer_771,Burger,Food,N/A
2470,2026-02-04,Customer_155,Fries,Food,92351
2471,2026-04-09,Customer_295,Burger,Food,28312
2472,2026-02-23,Customer_378,Pasta,Food,40376
2473,2026-03-06,Customer_135,Combo,Food,22163
2474,2026-03-30,Customer_215,Combo,food,60806
2475,2026-03-28,Customer_71,Burger,Food,N/A
2476,2026-04-22,Customer_583,Roll,Food,N/A
2477,2026-02-09,Customer_550,Sandwich,Food,23433
2478,2026-03-06,Customer_573,Pasta,Food,65857
2479,2026-02-28,Customer_566,Fries,Food,63220
2480,2026-01-07,Customer_195,Sandwich,Food,7294
2481,2026-03-24,Customer_492,Combo,Food,72728
2482,2026-03-31,Customer_680,Biryani,Food,60650
2483,2026-01-28,Customer_558,Sandwich,Food,704
2484,2026-02-23,Customer_536,Roll,Food,N/A
2485,2026-04-29,Customer_254,Biryani,Food,32461rs
2486,2026-02-01,Customer_320,Biryani,food,13256
2487,2026-04-01,Customer_787,Pizza,Food,65726
2488,2026-02-07,Customer_661,Burger,food,35714
2489,2026-02-18,Customer_471,Fries,Food,25998
2490,2026-03-28,Customer_429,Sandwich,Food,68563
2491,2026-02-23,,Sandwich,Food,81991
2492,2026-02-19,Customer_585,Biryani,Food,85110
2493,2026-03-19,Customer_474,Combo,Food,N/A
2494,2026-02-28,Customer_138,,Food,87279
2495,2026-01-25,Customer_657,Combo,Food,8278
2496,2026-03-08,Customer_595,,Food,51185
2497,2026-03-24,Customer_224,Burger,Food,8378
2498,2026-02-27,Customer_587,Sandwich,Food,52676
2499,2026-04-07,Customer_690,Roll,Food,59969
2500,2026-04-06,Customer_119,Pizza,Food,24575
2501,2026-04-18,Customer_703,Pizza,Food,46962
2502,2026-03-27,Customer_161,Combo,food,60026
2503,2026-04-16,,Roll,Food,30183
2504,2026-01-27,Customer_315,Fries,Food,48846
2505,2026-05-01,Customer_285,Pasta,Food,4473
2506,2026-03-24,Customer_105,Sandwich,Food,94690
2507,2026-03-23,,Sandwich,Food,11613
2508,2026-01-14,Customer_357,Pizza,Food,70124
2509,2026-02-13,Customer_253,Pasta,Food,1471
2510,2026-02-02,Customer_91,Pizza,Food,47943
2511,2026-02-18,,Burger,Food,96079
2512,2026-04-01,Customer_413,Sandwich,Food,35505
2513,2026-01-27,,Burger,Food,93975
2514,2026-04-07,Customer_461,Roll,Food,99992
2515,2026-01-05,,Sandwich,Food,17914
2516,2026-01-18,,Burger,Food,42572
2517,2026-02-19,Customer_613,,Food,47408
2518,2026-01-03,Customer_256,,Food,7931
2519,2026-01-20,Customer_286,Biryani,Food,81674
2520,2026-02-22,Customer_515,Sandwich,Food,11762
2521,2026-03-26,Customer_27,Roll,food,50731rs
2522,2026-02-18,Customer_665,Roll,Food,9428
2523,2026-04-10,Customer_689,Fries,Food,58691
2524,2026-04-08,Customer_250,Burger,Food,85368
2525,2026-01-03,Customer_596,Pizza,Food,75318
2526,2026-02-01,Customer_14,Biryani,Food,51804
2527,2026-03-19,Customer_173,Burger,Food,64779rs
2528,2026-02-23,Customer_190,Roll,Food,28636
2529,2026-04-10,Customer_531,Fries,Food,87344
2530,2026-02-13,Customer_553,Pizza,Food,51593
2531,2026-01-05,Customer_378,Fries,Food,92053
2532,2026-03-19,Customer_370,Biryani,Food,17396
2533,2026-01-02,Customer_413,Combo,Food,92516
2534,2026-04-27,Customer_250,Biryani,Food,65784
2535,2026-04-09,Customer_742,Burger,Food,24406
2536,2026-01-19,Customer_405,Biryani,Food,46554
2537,2026-01-05,Customer_399,Roll,Food,55338
2538,2026-04-13,Customer_227,Combo,Food,45725
2539,2026-03-05,Customer_733,Combo,Food,64159
2540,2026-02-02,Customer_638,Sandwich,Food,73081
2541,2026-04-28,Customer_164,Sandwich,Food,55818
2542,2026-01-01,Customer_671,Burger,Food,10193
2543,2026-01-29,Customer_672,Combo,food,88678
2544,2026-01-19,Customer_352,Sandwich,Food,94085
2545,2026-01-14,Customer_190,Biryani,Food,81129
2546,2026-01-09,Customer_317,Burger,Food,82837
2547,2026-01-21,Customer_133,Burger,Food,77305
2548,2026-04-11,Customer_527,Sandwich,Food,99889
2549,2026-03-18,Customer_364,Burger,Food,26345
2550,2026-02-13,Customer_369,Sandwich,Food,61509
2551,2026-02-26,Customer_192,Pasta,Food,53926
2552,2026-01-07,Customer_695,Biryani,Food,51665
2553,2026-04-15,Customer_78,Biryani,Food,97329
2554,2026-02-16,Customer_245,Burger,Food,22687
2555,2026-01-15,Customer_620,Combo,Food,27825
2556,2026-03-14,Customer_272,Burger,Food,78098
2557,2026-04-24,Customer_790,Roll,Food,20373
2558,2026-04-09,Customer_477,Sandwich,food,2951
2559,2026-01-05,Customer_222,Fries,Food,N/A
2560,2026-03-13,Customer_637,Biryani,Food,16804
2561,2026-04-29,,Sandwich,Food,64140
2562,2026-04-01,Customer_54,Pasta,Food,71759
2563,2026-03-06,Customer_134,Biryani,Food,19357
2564,2026-02-18,,Fries,Food,47587
2565,2026-02-06,,,Food,N/A
2566,2026-02-07,Customer_230,Pizza,Food,83740
2567,2026-01-19,,Pizza,Food,77710
2568,2026-01-13,Customer_545,Pizza,Food,11013
2569,2026-04-07,Customer_20,Pasta,Food,77172
2570,2026-03-07,Customer_331,Combo,Food,34208
2571,2026-01-16,Customer_548,Sandwich,Food,31411
2572,2026-04-09,Customer_408,Pizza,food,N/A
2573,2026-03-31,Customer_286,Pizza,Food,45653
2574,2026-03-28,Customer_465,Pasta,Food,36539
2575,2026-03-29,Customer_666,Burger,Food,15016
2576,2026-01-08,Customer_256,Roll,Food,75958
2577,2026-04-22,,Sandwich,Food,54350
2578,2026-03-21,Customer_42,Roll,Food,53512
2579,2026-04-01,Customer_138,Combo,Food,65004
2580,2026-01-01,Customer_3,Pizza,Food,87726
2581,2026-01-01,,Roll,Food,40206
2582,2026-03-24,Customer_24,Roll,Food,25033rs
2583,2026-03-16,Customer_687,Biryani,Food,36814
2584,2026-04-01,Customer_342,Pizza,Food,7769
2585,2026-03-02,,Pizza,Food,50031
2586,2026-01-24,,Fries,Food,98292
2587,2026-01-20,Customer_717,Pasta,Food,43536
2588,2026-04-24,Customer_547,Pizza,Food,10855
2589,2026-03-30,Customer_173,Fries,Food,48933
2590,2026-02-10,Customer_432,Biryani,Food,75618
2591,2026-03-16,Customer_1,Pasta,Food,N/A
2592,2026-03-05,Customer_637,Combo,Food,64546rs
2593,2026-01-02,Customer_147,Burger,Food,82015
2594,2026-04-22,Customer_302,Pizza,Food,29714
2595,2026-04-28,Customer_427,Fries,Food,1193
2596,2026-02-11,Customer_797,Pasta,Food,63989
2597,2026-02-02,Customer_667,Biryani,Food,55436rs
2598,2026-02-03,Customer_226,Burger,Food,73805
2599,2026-03-05,Customer_191,Biryani,Food,76429
2600,2026-03-22,Customer_244,Fries,Food,83732
2601,2026-02-11,Customer_110,Combo,Food,19945
2602,2026-03-06,Customer_210,Combo,food,39910
2603,2026-04-06,Customer_150,Pizza,Food,28915
2604,2026-04-09,,Sandwich,Food,95678
2605,2026-01-29,Customer_228,Combo,Food,65930
2606,2026-01-05,Customer_165,Fries,Food,98508
2607,2026-01-31,Customer_248,Sandwich,Food,68766
2608,2026-02-18,Customer_648,Fries,Food,8346
2609,2026-01-12,,Sandwich,Food,86945
2610,2026-05-01,Customer_387,Sandwich,Food,77544
2611,2026-03-29,Customer_164,Combo,Food,93481
2612,2026-01-27,Customer_165,Fries,Food,8178
2613,2026-02-13,Customer_150,Biryani,Food,73548
2614,2026-02-23,Customer_376,Fries,Food,88935
2615,2026-03-12,Customer_430,Sandwich,Food,12678
2616,2026-01-14,Customer_319,Pasta,Food,55859rs
2617,2026-01-19,Customer_544,Combo,Food,37380
2618,2026-04-07,Customer_373,Pasta,Food,53031
2619,2026-02-22,Customer_416,Pizza,Food,49549
2620,2026-02-03,Customer_391,,Food,N/A
2621,2026-03-17,Customer_597,Roll,Food,76689
2622,2026-02-02,Customer_413,Pizza,Food,83119
2623,2026-01-08,Customer_450,Fries,Food,72186
2624,2026-01-17,Customer_675,Fries,Food,52942
2625,2026-01-14,Customer_202,Fries,Food,23740
2626,2026-02-16,,Biryani,Food,86331
2627,2026-04-21,Customer_338,Pizza,Food,11350
2628,2026-02-10,Customer_135,Burger,Food,9780
2629,2026-01-06,Customer_202,Pizza,Food,85921
2630,2026-03-10,Customer_443,Roll,Food,86439
2631,2026-03-31,Customer_482,Roll,Food,17469
2632,2026-02-20,Customer_675,Combo,Food,51900
2633,2026-03-20,Customer_746,Biryani,Food,36148
2634,2026-05-01,Customer_338,Sandwich,Food,83163
2635,2026-01-02,Customer_308,Pizza,Food,83516
2636,2026-02-05,Customer_526,Biryani,Food,71893
2637,2026-04-21,Customer_528,,Food,60497
2638,2026-04-14,Customer_712,Pizza,Food,71338
2639,2026-01-16,Customer_596,Burger,Food,N/A
2640,2026-02-17,Customer_157,Burger,Food,3120
2641,2026-01-27,Customer_369,Sandwich,Food,N/A
2642,2026-02-18,Customer_493,Biryani,Food,73035
2643,2026-02-17,Customer_108,Pizza,Food,43291
2644,2026-02-17,Customer_145,Sandwich,Food,5113
2645,2026-01-23,Customer_374,Pasta,food,N/A
2646,2026-01-31,Customer_34,Sandwich,Food,70559
2647,2026-01-08,Customer_493,Pizza,Food,30597
2648,2026-02-21,Customer_376,Pizza,Food,36693
2649,2026-03-14,Customer_770,Burger,Food,31507
2650,2026-04-07,Customer_124,Combo,Food,27766
2651,2026-01-03,Customer_703,Pizza,food,46945
2652,2026-01-07,Customer_136,Roll,Food,37358
2653,2026-01-11,Customer_138,Roll,Food,84687
2654,2026-01-03,Customer_431,Burger,Food,79748rs
2655,2026-01-15,Customer_58,Pizza,Food,75354
2656,2026-02-07,Customer_272,Fries,Food,8312
2657,2026-04-18,,Fries,Food,74352
2658,2026-03-13,Customer_781,Pizza,Food,N/A
2659,2026-03-18,Customer_191,Pasta,Food,37629
2660,2026-02-20,Customer_187,Sandwich,Food,92924
2661,2026-02-16,,Biryani,Food,50752
2662,2026-02-12,Customer_382,Fries,food,11951
2663,2026-01-18,Customer_621,Pizza,Food,90886
2664,2026-03-28,Customer_233,Sandwich,Food,N/A
2665,2026-04-10,Customer_324,Biryani,Food,48879
2666,2026-01-27,Customer_383,Pizza,Food,80930
2667,2026-04-14,Customer_434,Burger,Food,35107
2668,2026-04-19,Customer_151,Combo,Food,59476
2669,2026-01-01,Customer_785,Sandwich,Food,96323
2670,2026-02-08,Customer_69,Pasta,Food,85270
2671,2026-04-20,Customer_302,Burger,Food,40879
2672,2026-03-08,,Pizza,Food,58166
2673,2026-01-31,Customer_600,Pizza,Food,90293
2674,2026-04-04,Customer_224,Combo,Food,11255
2675,2026-03-13,Customer_275,Roll,Food,N/A
2676,2026-02-06,Customer_294,Fries,Food,8736
2677,2026-01-10,Customer_223,Fries,Food,15977
2678,2026-03-09,Customer_564,Biryani,Food,74015
2679,2026-02-05,Customer_527,Pasta,Food,28528
2680,2026-03-08,Customer_251,,Food,63846
2681,2026-01-22,Customer_27,,food,33424
2682,2026-04-25,Customer_259,Pasta,Food,47900
2683,2026-04-26,Customer_771,Sandwich,Food,N/A
2684,2026-04-20,Customer_730,Pasta,Food,35778
2685,2026-03-23,Customer_415,Combo,Food,16535
2686,2026-03-07,Customer_559,Burger,Food,46959
2687,2026-03-27,Customer_87,Sandwich,Food,42454
2688,2026-03-18,Customer_160,Pasta,Food,60368
2689,2026-04-17,Customer_120,Biryani,Food,78303
2690,2026-02-22,Customer_114,Combo,Food,67971
2691,2026-03-04,Customer_92,Combo,Food,94210
2692,2026-01-09,Customer_253,Sandwich,Food,71976
2693,2026-01-22,Customer_82,Roll,Food,30221
2694,2026-04-30,Customer_486,Burger,Food,87589
2695,2026-01-01,Customer_698,,Food,18123
2696,2026-01-03,Customer_118,Roll,Food,50002
2697,2026-03-30,Customer_393,Biryani,Food,20253
2698,2026-03-15,Customer_370,Biryani,Food,47791
2699,2026-04-23,Customer_750,Sandwich,Food,42061
2700,2026-02-10,Customer_139,Burger,Food,96005
2701,2026-04-19,Customer_776,Roll,Food,67655
2702,2026-04-15,Customer_787,Sandwich,Food,84276
2703,2026-03-12,Customer_702,Sandwich,Food,74580
2704,2026-03-11,Customer_404,Pizza,Food,10802
2705,2026-03-26,Customer_258,,Food,64383
2706,2026-02-20,Customer_489,Pizza,food,54925
2707,2026-03-20,Customer_217,Burger,Food,53425
2708,2026-04-05,Customer_562,Pizza,food,4828
2709,2026-02-18,Customer_617,Pizza,Food,38845
2710,2026-03-07,Customer_210,Roll,Food,29586
2711,2026-02-09,Customer_583,Pasta,Food,75448
2712,2026-04-14,Customer_393,Roll,Food,7468
2713,2026-01-31,Customer_108,Combo,Food,46941
2714,2026-01-24,Customer_441,Pizza,Food,5166
2715,2026-01-20,Customer_455,Roll,Food,24615
2716,2026-03-23,Customer_238,Roll,food,78133
2717,2026-01-16,Customer_609,Burger,Food,64290rs
2718,2026-04-26,Customer_355,Fries,Food,43469
2719,2026-01-21,Customer_276,Fries,Food,90247
2720,2026-03-15,Customer_412,Pizza,Food,59791
2721,2026-01-23,Customer_723,Burger,Food,81940
2722,2026-04-30,Customer_324,Pasta,Food,13844
2723,2026-03-30,Customer_787,Pasta,Food,43980
2724,2026-01-22,Customer_60,Sandwich,food,41896
2725,2026-01-28,Customer_754,Pasta,Food,20631
2726,2026-01-11,Customer_121,Roll,food,89867rs
2727,2026-01-12,Customer_265,Sandwich,Food,99487
2728,2026-03-22,Customer_424,Fries,Food,4403
2729,2026-01-22,Customer_101,Sandwich,Food,58425rs
2730,2026-03-26,Customer_531,,Food,23585
2731,2026-04-04,Customer_239,Pizza,Food,30275
2732,2026-01-01,Customer_557,Fries,Food,8889
2733,2026-04-15,Customer_670,Combo,Food,1833
2734,2026-01-24,Customer_425,Sandwich,Food,36625
2735,2026-02-11,Customer_617,,Food,38708
2736,2026-01-28,Customer_602,Sandwich,Food,13536
2737,2026-02-09,Customer_98,Fries,Food,73227
2738,2026-02-15,,Pizza,Food,66755
2739,2026-02-21,Customer_395,Pizza,Food,54764
2740,2026-03-18,Customer_797,Roll,food,64010
2741,2026-03-26,Customer_234,Pizza,Food,38754
2742,2026-04-03,Customer_711,Roll,Food,45509
2743,2026-01-19,Customer_50,Pasta,Food,40327
2744,2026-01-18,Customer_790,Sandwich,Food,79653
2745,2026-02-02,Customer_514,Pizza,Food,36780
2746,2026-04-13,Customer_497,Fries,Food,98834
2747,2026-02-09,Customer_85,Sandwich,Food,39529
2748,2026-03-31,Customer_772,Roll,Food,34909
2749,2026-03-20,Customer_713,Fries,Food,19649
2750,2026-04-19,,Pasta,Food,19020
2751,2026-02-07,Customer_37,,Food,49820
2752,2026-03-18,Customer_618,Pasta,food,N/A
2753,2026-04-28,Customer_298,Pizza,Food,52112rs
2754,2026-02-20,,Sandwich,Food,50977
2755,2026-01-27,Customer_531,Biryani,Food,47903
2756,2026-02-05,Customer_506,Sandwich,Food,5661
2757,2026-04-17,Customer_674,Pizza,Food,76801
2758,2026-01-14,Customer_744,Sandwich,Food,7033
2759,2026-02-20,Customer_518,Pasta,Food,22875
2760,2026-01-25,,Pasta,Food,3714
2761,2026-03-24,Customer_798,Fries,Food,24239
2762,2026-04-14,Customer_699,Fries,Food,19886
2763,2026-02-22,Customer_20,Biryani,Food,28132
2764,2026-02-11,Customer_87,Sandwich,Food,22127
2765,2026-02-28,Customer_86,Roll,food,20512
2766,2026-03-26,Customer_178,Biryani,Food,42439
2767,2026-03-14,Customer_388,Pasta,Food,51203
2768,2026-01-25,Customer_723,Combo,Food,4432
2769,2026-01-28,Customer_36,Sandwich,Food,5576
2770,2026-02-17,,Sandwich,Food,12108
2771,2026-02-16,Customer_507,Sandwich,Food,36547rs
2772,2026-03-08,,Burger,Food,1165
2773,2026-01-22,Customer_197,Pizza,Food,77910
2774,2026-03-10,Customer_694,Roll,Food,80362rs
2775,2026-03-03,Customer_634,Sandwich,Food,2403
2776,2026-02-25,Customer_196,,Food,19135
2777,2026-02-05,,Pizza,Food,35343
2778,2026-02-12,Customer_325,Roll,Food,29145
2779,2026-01-02,Customer_493,Combo,Food,87517
2780,2026-03-10,Customer_232,Pasta,Food,50609
2781,2026-02-05,Customer_256,Sandwich,Food,83417
2782,2026-03-31,Customer_736,Fries,Food,N/A
2783,2026-04-02,Customer_538,Roll,Food,12324
2784,2026-03-04,Customer_368,Combo,Food,2898
2785,2026-04-01,Customer_746,Biryani,Food,87393
2786,2026-04-13,Customer_342,Roll,Food,12233
2787,2026-04-03,Customer_57,Pasta,Food,81059
2788,2026-02-07,Customer_703,Fries,Food,21298
2789,2026-04-26,Customer_471,Roll,Food,68869
2790,2026-01-02,Customer_408,Biryani,Food,78029
2791,2026-02-17,Customer_276,Pizza,Food,15210
2792,2026-01-29,Customer_474,Biryani,Food,99718
2793,2026-01-08,Customer_641,Roll,Food,44919
2794,2026-02-05,Customer_424,Roll,Food,17345
2795,2026-04-09,Customer_89,Biryani,Food,21574
2796,2026-01-10,Customer_217,Biryani,Food,50793
2797,2026-02-17,Customer_589,Fries,Food,55643
2798,2026-02-14,Customer_426,Burger,Food,44325
2799,2026-02-13,Customer_373,Sandwich,Food,66736
2800,2026-01-05,Customer_727,Burger,Food,51078
2801,2026-01-23,Customer_747,Roll,Food,28147
2802,2026-05-01,Customer_43,Pizza,Food,76921
2803,2026-01-11,Customer_472,Biryani,Food,52882rs
2804,2026-02-01,,,Food,36585rs
2805,2026-03-23,Customer_492,Burger,Food,90719
2806,2026-01-23,Customer_654,Sandwich,Food,69217
2807,2026-04-16,Customer_786,Biryani,Food,97653
2808,2026-01-21,Customer_205,Burger,Food,81419
2809,2026-04-30,Customer_322,Burger,Food,N/A
2810,2026-04-06,Customer_325,Pizza,Food,N/A
2811,2026-03-11,Customer_44,Biryani,Food,79409
2812,2026-03-17,Customer_605,Combo,Food,56958
2813,2026-05-01,Customer_480,Pasta,Food,57183
2814,2026-04-27,Customer_653,Fries,Food,7052
2815,2026-02-03,Customer_82,Pasta,Food,87628
2816,2026-03-17,Customer_277,Pasta,Food,12299
2817,2026-04-29,Customer_633,Sandwich,Food,27102
2818,2026-04-15,Customer_134,Biryani,Food,87374
2819,2026-02-12,Customer_248,Biryani,Food,53530
2820,2026-03-17,Customer_767,Burger,Food,63196
2821,2026-01-31,Customer_423,Pizza,Food,44329
2822,2026-02-03,Customer_194,Roll,Food,37491
2823,2026-03-19,Customer_519,Fries,Food,19046
2824,2026-02-04,Customer_432,Pizza,food,49865
2825,2026-03-25,Customer_150,Sandwich,Food,38254
2826,2026-04-19,Customer_68,Pizza,Food,87417
2827,2026-03-17,Customer_421,Pasta,Food,65070
2828,2026-04-03,Customer_544,Burger,Food,33970
2829,2026-02-05,Customer_126,Burger,Food,50066
2830,2026-04-17,Customer_558,Pizza,Food,N/A
2831,2026-02-13,Customer_41,Sandwich,Food,99363
2832,2026-03-16,Customer_43,Pizza,Food,63929
2833,2026-01-26,Customer_523,Sandwich,Food,47749rs
2834,2026-04-26,Customer_542,Fries,Food,11808
2835,2026-01-07,Customer_520,Burger,Food,70524
2836,2026-02-10,Customer_469,Pizza,Food,66035
2837,2026-03-29,Customer_533,Biryani,Food,33186
2838,2026-03-31,Customer_231,Pizza,Food,24465
2839,2026-04-03,Customer_128,Burger,Food,36670
2840,2026-03-20,Customer_560,Burger,Food,N/A
2841,2026-04-26,Customer_260,Fries,Food,49014
2842,2026-04-16,Customer_595,Roll,Food,74076
2843,2026-03-27,Customer_135,Pizza,Food,2348
2844,2026-04-07,Customer_207,Roll,Food,73713
2845,2026-03-05,Customer_639,Pasta,Food,4083
2846,2026-05-01,,Biryani,Food,59065
2847,2026-04-04,Customer_532,Pasta,Food,39104
2848,2026-04-12,Customer_149,Burger,Food,92538
2849,2026-04-28,Customer_434,Pizza,Food,35067
2850,2026-01-11,Customer_216,Combo,Food,45300
2851,2026-02-22,Customer_525,Fries,Food,58962
2852,2026-03-30,Customer_271,Pizza,Food,44314
2853,2026-03-11,Customer_534,Sandwich,Food,75673
2854,2026-01-01,Customer_728,Pizza,Food,54898rs
2855,2026-02-21,Customer_400,Sandwich,Food,86552
2856,2026-02-25,Customer_578,Pasta,Food,28527
2857,2026-04-15,Customer_364,Burger,Food,64327
2858,2026-02-18,Customer_73,Burger,Food,91489
2859,2026-03-30,Customer_283,Combo,Food,92408
2860,2026-03-17,Customer_386,Pasta,Food,14081
2861,2026-05-01,Customer_704,Sandwich,Food,89436
2862,2026-04-01,Customer_330,Fries,Food,N/A
2863,2026-01-04,Customer_413,Pizza,Food,52271
2864,2026-03-07,Customer_517,,Food,91796
2865,2026-04-20,Customer_762,Roll,Food,28307
2866,2026-01-17,Customer_294,Pizza,Food,22930
2867,2026-02-07,Customer_536,Pasta,food,36975
2868,2026-04-17,Customer_456,Combo,Food,89578rs
2869,2026-01-23,Customer_714,Pizza,Food,24810
2870,2026-01-15,Customer_568,Roll,food,41373
2871,2026-01-24,Customer_286,Sandwich,Food,55679
2872,2026-01-22,Customer_304,Pasta,Food,35819
2873,2026-04-06,Customer_323,Sandwich,Food,39645
2874,2026-04-02,Customer_34,Burger,Food,87114
2875,2026-04-15,Customer_212,Combo,Food,31203
2876,2026-03-29,Customer_368,Burger,Food,69048
2877,2026-01-16,Customer_379,Roll,Food,39626
2878,2026-01-24,Customer_87,Pizza,Food,15750rs
2879,2026-01-19,Customer_230,Pizza,Food,77879
2880,2026-04-29,Customer_22,Roll,food,83767
2881,2026-02-08,Customer_457,Pasta,Food,19327
2882,2026-03-23,Customer_723,Pizza,Food,26105
2883,2026-01-30,Customer_137,Combo,Food,20862
2884,2026-02-01,Customer_775,Roll,Food,13976
2885,2026-04-17,Customer_539,Fries,Food,67411
2886,2026-04-10,Customer_469,Pasta,Food,70807
2887,2026-02-16,Customer_731,Burger,Food,76487
2888,2026-04-12,Customer_265,Biryani,Food,68349
2889,2026-02-27,Customer_295,Biryani,Food,48189
2890,2026-04-21,Customer_380,Biryani,Food,71658
2891,2026-02-08,Customer_307,Sandwich,Food,N/A
2892,2026-03-19,Customer_781,Pizza,Food,35863
2893,2026-02-24,Customer_221,Roll,Food,53456
2894,2026-02-27,Customer_504,Pasta,food,N/A
2895,2026-01-10,Customer_124,Pasta,Food,22063
2896,2026-03-15,Customer_227,Sandwich,Food,31672
2897,2026-03-26,Customer_196,Biryani,Food,29022
2898,2026-03-26,Customer_514,Pizza,food,47217
2899,2026-04-15,Customer_411,Roll,Food,11544
2900,2026-01-26,Customer_722,Sandwich,Food,1641
2901,2026-01-06,Customer_776,Pasta,Food,26169
2902,2026-01-08,Customer_122,Fries,Food,85039
2903,2026-03-14,Customer_487,Fries,Food,88572
2904,2026-01-23,Customer_115,Combo,Food,71924
2905,2026-03-13,Customer_205,Fries,Food,17689
2906,2026-02-06,Customer_675,Sandwich,Food,91346
2907,2026-03-01,Customer_131,Fries,Food,23688
2908,2026-04-05,Customer_227,Combo,Food,44459
2909,2026-03-21,Customer_179,Pasta,Food,4614
2910,2026-01-19,Customer_193,,Food,66876
2911,2026-03-17,Customer_393,Combo,Food,19045
2912,2026-03-13,Customer_102,Roll,Food,50275
2913,2026-04-19,Customer_453,Sandwich,Food,72590
2914,2026-03-06,Customer_370,Combo,Food,16429
2915,2026-02-05,Customer_247,Sandwich,Food,36685
2916,2026-03-27,Customer_406,Pizza,Food,43606
2917,2026-02-25,Customer_570,Roll,food,30564
2918,2026-02-12,Customer_420,Combo,Food,15564
2919,2026-01-23,Customer_187,Combo,Food,30318
2920,2026-03-28,Customer_532,Burger,Food,40123
2921,2026-02-08,Customer_5,Fries,Food,62126
2922,2026-04-05,Customer_180,Fries,Food,58911
2923,2026-04-18,Customer_225,Biryani,Food,7144
2924,2026-01-30,Customer_409,Roll,Food,7527
2925,2026-02-26,Customer_36,Biryani,Food,93764
2926,2026-02-20,Customer_728,Combo,Food,79768
2927,2026-04-26,Customer_48,Biryani,Food,97334
2928,2026-03-16,Customer_602,Pasta,Food,67427rs
2929,2026-01-27,Customer_765,Roll,Food,54261
2930,2026-03-27,Customer_205,Fries,Food,28244
2931,2026-04-18,,Biryani,Food,95306
2932,2026-02-14,,Sandwich,Food,26191
2933,2026-01-22,Customer_459,Combo,Food,N/A
2934,2026-02-19,Customer_142,Combo,Food,52291
2935,2026-04-23,Customer_81,Sandwich,Food,98365
2936,2026-01-04,Customer_207,Sandwich,Food,15420
2937,2026-01-07,Customer_428,Pasta,Food,44902
2938,2026-05-01,Customer_545,Burger,Food,72808
2939,2026-01-12,Customer_311,Roll,Food,33568
2940,2026-01-14,Customer_397,Burger,Food,67936
2941,2026-02-12,Customer_722,Pizza,Food,77074
2942,2026-01-14,Customer_231,Roll,Food,61255
2943,2026-01-27,Customer_277,Biryani,Food,18790
2944,2026-04-14,Customer_374,Fries,Food,77373
2945,2026-03-30,Customer_606,Burger,Food,12168
2946,2026-02-17,Customer_247,Roll,Food,7942
2947,2026-04-30,Customer_493,Pasta,Food,95432
2948,2026-03-11,,Fries,Food,17092
2949,2026-04-28,Customer_623,Pasta,Food,62400
2950,2026-03-16,Customer_600,Fries,Food,71405
2951,2026-01-16,Customer_137,Combo,Food,87499
2952,2026-01-18,Customer_770,Burger,Food,88310
2953,2026-04-27,Customer_328,Pizza,Food,75051
2954,2026-01-08,Customer_407,Biryani,Food,27433
2955,2026-02-07,,Biryani,Food,66170
2956,2026-01-22,,,Food,77855
2957,2026-02-05,Customer_249,Pasta,Food,32124
2958,2026-02-23,,Sandwich,Food,63014rs
2959,2026-04-16,Customer_254,Sandwich,Food,8028
2960,2026-04-04,Customer_431,Fries,Food,60569
2961,2026-04-19,Customer_539,Combo,food,33908
2962,2026-03-17,Customer_290,Combo,Food,N/A
2963,2026-04-01,,Sandwich,Food,85660
2964,2026-03-24,Customer_147,Pizza,Food,7845
2965,2026-01-21,Customer_597,,Food,68939
2966,2026-01-25,Customer_650,Pizza,Food,52278
2967,2026-02-19,Customer_145,Pasta,Food,37974
2968,2026-04-17,Customer_258,Biryani,Food,26181
2969,2026-01-19,Customer_248,Fries,Food,33429rs
2970,2026-04-01,,Combo,Food,47069
2971,2026-04-25,Customer_763,Biryani,Food,807
2972,2026-03-19,Customer_563,Burger,Food,7154
2973,2026-02-26,Customer_366,Roll,food,41091
2974,2026-01-30,Customer_468,Sandwich,food,77979
2975,2026-04-11,Customer_119,Biryani,Food,12856
2976,2026-01-08,Customer_28,Roll,Food,61336
2977,2026-04-13,Customer_430,Combo,Food,52924
2978,2026-04-19,Customer_691,Burger,Food,17170
2979,2026-02-23,,Pizza,Food,55364
2980,2026-04-01,,Biryani,Food,40560
2981,2026-04-11,Customer_293,Combo,Food,67849
2982,2026-04-17,Customer_193,Fries,Food,31694
2983,2026-02-07,Customer_9,Roll,Food,54994
2984,2026-03-04,Customer_297,Sandwich,food,11710
2985,2026-03-21,Customer_216,Sandwich,Food,87968
2986,2026-04-12,,Combo,Food,4736
2987,2026-03-13,Customer_697,Combo,Food,1118
2988,2026-03-13,Customer_525,Combo,food,4587
2989,2026-02-18,Customer_252,Combo,Food,59065
2990,2026-03-16,Customer_558,Roll,Food,13694
2991,2026-02-17,,Fries,Food,1168
2992,2026-03-26,Customer_67,Sandwich,Food,60619
2993,2026-01-22,Customer_118,Fries,Food,1142rs
2994,2026-02-14,Customer_654,Fries,Food,58004
2995,2026-01-08,Customer_328,Pizza,Food,N/A
2996,2026-01-27,Customer_759,Pizza,Food,54549
2997,2026-04-13,Customer_492,Biryani,Food,42788
2998,2026-02-02,Customer_342,Pizza,Food,50961
2999,2026-03-29,Customer_60,Fries,Food,5413
3000,2026-02-22,Customer_27,Combo,food,37555
3001,2026-04-10,Customer_484,Biryani,Food,46382
3002,2026-04-03,Customer_4,Sandwich,Food,91553
3003,2026-04-26,Customer_163,Roll,Food,42957
3004,2026-03-13,Customer_125,Pizza,Food,65679
3005,2026-01-14,Customer_527,Combo,Food,7742
3006,2026-04-11,Customer_711,Burger,Food,4638
3007,2026-05-01,Customer_533,,Food,48137
3008,2026-03-04,Customer_494,Combo,Food,N/A
3009,2026-03-02,Customer_325,Combo,Food,95279
3010,2026-03-18,Customer_498,Roll,Food,28693
3011,2026-01-12,Customer_644,Pizza,Food,66803
3012,2026-04-01,Customer_446,Biryani,Food,78962
3013,2026-01-31,Customer_157,Biryani,Food,7384
3014,2026-04-29,Customer_116,Combo,Food,57959
3015,2026-02-17,Customer_9,Burger,Food,89632
3016,2026-03-27,Customer_717,Roll,Food,23305
3017,2026-02-16,Customer_757,Roll,Food,81764
3018,2026-03-20,Customer_636,Roll,Food,7036
3019,2026-01-22,Customer_529,Pasta,Food,93034
3020,2026-01-11,Customer_241,Fries,Food,66707
3021,2026-01-12,Customer_175,Sandwich,Food,95792
3022,2026-03-08,Customer_756,Combo,Food,20617
3023,2026-03-21,Customer_158,Combo,Food,91077
3024,2026-03-26,Customer_716,Combo,food,21401
3025,2026-02-20,Customer_307,Fries,Food,N/A
3026,2026-02-10,Customer_154,Fries,Food,37338
3027,2026-02-04,Customer_673,Combo,Food,96216
3028,2026-01-03,Customer_416,Roll,Food,78335
3029,2026-02-19,Customer_649,,Food,6131
3030,2026-02-12,Customer_639,Roll,Food,46327
3031,2026-04-07,Customer_347,,Food,39124
3032,2026-04-22,Customer_584,Sandwich,Food,16282
3033,2026-04-17,Customer_267,,Food,N/A
3034,2026-02-28,Customer_618,Roll,Food,88708
3035,2026-02-01,Customer_167,Fries,Food,35584
3036,2026-03-09,Customer_641,Sandwich,Food,90417
3037,2026-02-25,Customer_299,Roll,Food,11640
3038,2026-04-06,,Burger,Food,24959
3039,2026-03-05,Customer_702,Pizza,Food,30097
3040,2026-04-29,Customer_417,Biryani,Food,86145
3041,2026-02-15,Customer_413,Pasta,Food,76270
3042,2026-04-13,Customer_720,Biryani,Food,17695rs
3043,2026-01-11,Customer_753,Pizza,Food,72024
3044,2026-01-23,Customer_270,Roll,food,27440rs
3045,2026-04-20,Customer_551,Sandwich,food,16861
3046,2026-04-13,Customer_786,Burger,Food,50796
3047,2026-04-01,Customer_86,Fries,Food,14910
3048,2026-01-06,Customer_772,Pasta,Food,10502
3049,2026-01-12,Customer_249,Pizza,Food,16715
3050,2026-02-01,Customer_78,Roll,Food,N/A
3051,2026-03-14,Customer_711,Biryani,Food,77036
3052,2026-03-04,Customer_61,Biryani,Food,80316
3053,2026-02-03,Customer_324,Fries,Food,14520
3054,2026-03-26,Customer_115,Roll,Food,89870
3055,2026-02-26,Customer_195,Pasta,Food,41696
3056,2026-04-15,Customer_401,Sandwich,Food,59563
3057,2026-02-16,Customer_231,Fries,Food,19681
3058,2026-02-14,Customer_195,,Food,65905
3059,2026-01-26,Customer_454,Fries,Food,84121
3060,2026-03-18,Customer_73,Burger,Food,59103
3061,2026-02-02,Customer_108,Biryani,Food,N/A
3062,2026-02-02,Customer_611,Fries,Food,97766
3063,2026-05-01,Customer_36,Burger,Food,76652
3064,2026-01-03,Customer_545,Fries,Food,79243
3065,2026-03-26,Customer_369,Roll,Food,98697
3066,2026-02-01,Customer_39,Pasta,Food,95854
3067,2026-02-08,Customer_636,Roll,Food,70046
3068,2026-02-07,Customer_559,Burger,Food,58852
3069,2026-02-15,Customer_266,Pasta,Food,86945
3070,2026-04-27,Customer_633,Sandwich,Food,94641
3071,2026-02-22,Customer_643,Burger,Food,21214
3072,2026-02-24,Customer_629,Sandwich,Food,86652
3073,2026-01-15,Customer_132,Pizza,Food,38032rs
3074,2026-02-25,Customer_647,Pizza,Food,10256
3075,2026-04-21,Customer_156,Fries,Food,55430
3076,2026-03-12,Customer_626,Pizza,Food,56828
3077,2026-01-24,Customer_589,Fries,Food,60052
3078,2026-05-01,Customer_481,Roll,Food,69629
3079,2026-02-06,,Pasta,Food,75208
3080,2026-02-07,Customer_702,Pizza,Food,59378
3081,2026-04-25,Customer_446,Combo,Food,31533rs
3082,2026-03-20,Customer_162,Burger,Food,13279
3083,2026-04-28,Customer_54,Pizza,Food,12173
3084,2026-03-04,Customer_665,Burger,Food,86918
3085,2026-01-16,Customer_364,Fries,Food,68992
3086,2026-01-23,Customer_70,Pizza,Food,11059
3087,2026-02-20,Customer_190,Sandwich,Food,16154
3088,2026-04-03,Customer_372,Combo,Food,N/A
3089,2026-02-03,,Biryani,Food,45860
3090,2026-04-25,Customer_572,Roll,food,89
3091,2026-03-30,Customer_490,Pizza,Food,39616
3092,2026-04-12,Customer_511,Biryani,Food,12733
3093,2026-03-12,Customer_212,Roll,Food,99409
3094,2026-03-07,Customer_77,Pasta,Food,N/A
3095,2026-05-01,Customer_507,Roll,Food,22901
3096,2026-02-01,Customer_666,Burger,Food,62636
3097,2026-04-09,Customer_760,Biryani,Food,46486
3098,2026-01-27,Customer_200,Pizza,Food,N/A
3099,2026-04-23,Customer_375,Pasta,Food,51461
3100,2026-04-19,Customer_520,Combo,Food,16773
3101,2026-04-11,Customer_265,Pasta,Food,48146
3102,2026-04-11,Customer_706,Burger,Food,44002
3103,2026-03-20,Customer_82,Biryani,Food,4911
3104,2026-03-20,Customer_307,Fries,Food,78899rs
3105,2026-02-26,Customer_167,,Food,76758
3106,2026-02-20,Customer_629,Roll,Food,86012rs
3107,2026-03-28,Customer_51,Sandwich,Food,N/A
3108,2026-04-18,Customer_10,,Food,87214
3109,2026-01-03,Customer_644,Burger,Food,11640
3110,2026-03-19,Customer_521,Burger,Food,70232
3111,2026-03-10,Customer_211,Roll,Food,81154
3112,2026-04-11,Customer_737,Fries,Food,52003rs
3113,2026-04-25,Customer_152,Biryani,Food,89375
3114,2026-04-28,Customer_55,Burger,Food,90415
3115,2026-04-22,Customer_631,,Food,57851
3116,2026-02-05,Customer_430,Burger,Food,84916
3117,2026-01-14,Customer_497,Fries,Food,64319
3118,2026-04-30,Customer_751,Combo,food,86364
3119,2026-03-28,Customer_17,Fries,Food,44023
3120,2026-04-21,Customer_294,Combo,Food,53914
3121,2026-02-28,,Biryani,Food,69121
3122,2026-01-06,Customer_33,Sandwich,Food,48218
3123,2026-03-15,,Sandwich,Food,14486
3124,2026-02-05,Customer_549,,Food,68952
3125,2026-02-02,Customer_669,Roll,Food,60140
3126,2026-02-01,Customer_732,Pizza,Food,69104
3127,2026-04-18,,Combo,Food,32636
3128,2026-01-12,Customer_441,Combo,food,37149
3129,2026-02-11,Customer_104,Pizza,Food,59604
3130,2026-02-04,Customer_696,,Food,43650
3131,2026-01-03,Customer_80,Pizza,Food,72913
3132,2026-03-26,Customer_162,Burger,Food,46814
3133,2026-04-15,Customer_374,,food,68341
3134,2026-03-22,Customer_321,Roll,Food,62148
3135,2026-01-12,Customer_358,Combo,Food,24574
3136,2026-04-05,Customer_128,Roll,Food,66189
3137,2026-02-28,Customer_228,Sandwich,Food,8765
3138,2026-03-26,Customer_141,Burger,Food,23700
3139,2026-02-13,Customer_510,Burger,Food,34277
3140,2026-01-29,Customer_289,Pizza,Food,3597
3141,2026-01-07,Customer_362,Pizza,Food,70332
3142,2026-02-11,Customer_568,Pasta,Food,29077
3143,2026-02-10,Customer_497,Fries,Food,2096
3144,2026-01-09,Customer_633,Sandwich,Food,44597
3145,2026-02-01,Customer_54,Roll,food,1243
3146,2026-02-27,Customer_543,Burger,Food,88160
3147,2026-04-17,Customer_544,Sandwich,Food,97095
3148,2026-02-15,Customer_489,Combo,Food,72366
3149,2026-02-01,Customer_401,Fries,food,27678
3150,2026-01-24,Customer_73,Roll,Food,45521
3151,2026-02-12,Customer_90,Fries,Food,36245
3152,2026-01-07,Customer_425,Biryani,Food,49640
3153,2026-02-09,Customer_347,Burger,Food,5731
3154,2026-02-14,Customer_334,Biryani,food,42009
3155,2026-01-20,Customer_588,Roll,Food,27847
3156,2026-03-16,Customer_95,Combo,Food,11027
3157,2026-03-05,Customer_160,,Food,75037
3158,2026-04-26,Customer_262,Burger,Food,40917
3159,2026-01-10,Customer_420,Biryani,Food,30496
3160,2026-04-24,Customer_779,,Food,49817
3161,2026-03-19,Customer_111,Burger,Food,35064
3162,2026-03-23,Customer_495,Combo,Food,93071
3163,2026-03-18,Customer_748,Sandwich,Food,23624
3164,2026-04-18,,Pizza,Food,92965
3165,2026-02-27,Customer_445,Combo,Food,53269
3166,2026-02-21,Customer_77,,Food,264
3167,2026-01-13,,,Food,6784
3168,2026-04-20,Customer_604,Fries,Food,30818
3169,2026-01-08,Customer_457,Burger,Food,91468
3170,2026-01-06,Customer_388,Pizza,Food,17669
3171,2026-04-23,Customer_754,Pasta,Food,86022
3172,2026-02-07,Customer_171,Fries,Food,70586
3173,2026-03-14,Customer_263,Sandwich,Food,23512
3174,2026-04-28,,Fries,Food,33212
3175,2026-02-19,Customer_305,Burger,Food,27508
3176,2026-01-29,Customer_640,Sandwich,Food,42856
3177,2026-04-12,Customer_405,Roll,Food,74448
3178,2026-04-10,Customer_498,Combo,Food,8948
3179,2026-02-10,Customer_798,,Food,14323
3180,2026-02-16,Customer_550,Sandwich,Food,17389
3181,2026-01-27,Customer_289,Fries,Food,436
3182,2026-04-07,Customer_378,Fries,Food,70442
3183,2026-03-08,Customer_7,Roll,Food,80152
3184,2026-01-25,Customer_799,Biryani,Food,87770
3185,2026-04-30,Customer_305,Sandwich,Food,22945
3186,2026-04-22,Customer_92,Roll,Food,66496
3187,2026-04-17,Customer_152,Biryani,Food,80580
3188,2026-02-25,Customer_358,,Food,29884
3189,2026-01-12,Customer_210,Pizza,Food,94098
3190,2026-03-01,Customer_516,Fries,Food,64692
3191,2026-04-17,Customer_796,Burger,Food,58313
3192,2026-01-27,Customer_55,Burger,Food,43732
3193,2026-04-26,Customer_713,,Food,71883
3194,2026-03-20,Customer_37,Biryani,Food,66574
3195,2026-01-27,Customer_312,Pizza,Food,75020
3196,2026-04-07,Customer_674,Pasta,Food,82666
3197,2026-02-22,Customer_57,Biryani,food,4713
3198,2026-04-14,Customer_25,Fries,Food,26594
3199,2026-01-02,Customer_742,Roll,Food,27486
3200,2026-02-21,Customer_486,Pizza,Food,3637
3201,2026-01-29,Customer_110,Combo,Food,N/A
3202,2026-02-04,Customer_50,Biryani,Food,4842
3203,2026-02-27,Customer_371,Sandwich,Food,7494rs
3204,2026-01-01,Customer_68,Fries,Food,75516
3205,2026-02-26,Customer_647,Pizza,Food,18729
3206,2026-03-02,Customer_742,Biryani,Food,8768
3207,2026-04-18,Customer_338,Combo,Food,94715
3208,2026-03-28,Customer_607,Sandwich,Food,11534
3209,2026-04-24,Customer_2,Burger,Food,66094
3210,2026-03-30,Customer_84,Pasta,Food,89883
3211,2026-02-05,Customer_542,Roll,Food,35598
3212,2026-01-23,,Sandwich,Food,69310
3213,2026-01-07,Customer_745,Fries,Food,43957
3214,2026-01-25,Customer_332,Roll,Food,55088
3215,2026-01-13,Customer_594,Pasta,Food,23445
3216,2026-04-13,Customer_180,Burger,Food,15425
3217,2026-01-29,Customer_300,,Food,55845
3218,2026-01-23,Customer_580,Combo,Food,86641
3219,2026-02-17,Customer_625,Pizza,Food,6980
3220,2026-04-27,Customer_584,Combo,Food,18047
3221,2026-01-23,Customer_40,Sandwich,Food,11323
3222,2026-03-06,Customer_111,Combo,Food,71166
3223,2026-01-06,Customer_724,Burger,Food,11785
3224,2026-04-21,Customer_238,Combo,Food,5356
3225,2026-02-05,Customer_570,Fries,Food,31517
3226,2026-03-05,Customer_519,Biryani,food,2571
3227,2026-01-29,Customer_467,,Food,18078
3228,2026-03-24,Customer_272,Fries,food,47129
3229,2026-02-18,Customer_777,Sandwich,Food,N/A
3230,2026-04-15,Customer_443,Burger,Food,94254
3231,2026-04-09,Customer_777,Combo,Food,95245
3232,2026-01-05,Customer_672,Sandwich,Food,11303
3233,2026-04-17,Customer_290,Pizza,Food,34200
3234,2026-03-03,Customer_72,Combo,Food,98248
3235,2026-03-05,Customer_631,Pasta,food,73699
3236,2026-03-24,Customer_790,Fries,Food,93044
3237,2026-01-25,Customer_249,Combo,Food,73413
3238,2026-02-09,Customer_450,Roll,Food,31925
3239,2026-04-10,Customer_755,Fries,Food,46749
3240,2026-05-01,Customer_167,Pasta,Food,37734
3241,2026-01-25,Customer_597,Fries,Food,67079
3242,2026-04-20,Customer_505,Burger,Food,62229rs
3243,2026-03-29,Customer_738,Pasta,Food,95659
3244,2026-02-11,Customer_525,Roll,Food,14141
3245,2026-02-09,,,Food,71807
3246,2026-04-12,,Pizza,Food,97582
3247,2026-03-07,Customer_784,Pasta,Food,26125
3248,2026-02-09,Customer_245,Burger,Food,83403
3249,2026-04-02,Customer_307,,Food,46290
3250,2026-04-18,Customer_250,Sandwich,Food,53995
3251,2026-02-24,Customer_703,Combo,Food,40129
3252,2026-04-19,Customer_448,Roll,Food,N/A
3253,2026-01-16,Customer_476,Burger,Food,225rs
3254,2026-02-06,Customer_219,Pasta,Food,94464
3255,2026-04-01,Customer_300,Pizza,Food,7202
3256,2026-02-16,Customer_589,Combo,Food,98045
3257,2026-02-04,Customer_134,Burger,Food,26067
3258,2026-01-31,Customer_785,Combo,Food,13309
3259,2026-02-15,Customer_463,Pasta,Food,37625
3260,2026-04-01,Customer_65,Pizza,Food,26067
3261,2026-01-20,Customer_568,Fries,Food,57657
3262,2026-03-16,Customer_20,Pasta,Food,67068
3263,2026-02-28,Customer_467,Fries,food,65361
3264,2026-03-24,Customer_434,Combo,Food,92031
3265,2026-03-06,Customer_246,Burger,Food,46455
3266,2026-02-24,Customer_756,Pizza,Food,92586
3267,2026-04-30,Customer_307,Roll,Food,24206
3268,2026-02-28,Customer_284,Combo,Food,72357
3269,2026-03-01,,Combo,Food,12280
3270,2026-03-16,Customer_444,,Food,13167
3271,2026-01-10,Customer_404,,Food,N/A
3272,2026-03-26,Customer_714,Biryani,Food,45859
3273,2026-03-30,Customer_787,Burger,Food,48295
3274,2026-03-11,Customer_720,Pasta,Food,3060
3275,2026-01-07,Customer_481,Biryani,Food,75872
3276,2026-01-13,Customer_421,Burger,Food,70487
3277,2026-04-08,Customer_437,Combo,Food,11202
3278,2026-02-10,Customer_183,Biryani,Food,28675
3279,2026-02-20,Customer_430,Fries,Food,72727
3280,2026-03-07,Customer_398,Combo,Food,94307
3281,2026-01-06,Customer_174,Pizza,Food,82610
3282,2026-02-19,Customer_744,Fries,Food,N/A
3283,2026-03-02,Customer_196,Fries,Food,26850
3284,2026-02-18,Customer_625,Burger,Food,7910
3285,2026-04-11,Customer_483,Burger,Food,69445
3286,2026-03-30,Customer_367,Burger,Food,2980
3287,2026-04-18,Customer_706,Roll,food,19751
3288,2026-02-26,Customer_704,Pizza,Food,50351
3289,2026-01-15,Customer_453,Pizza,Food,45679
3290,2026-04-25,Customer_265,Pasta,Food,71847
3291,2026-04-26,Customer_398,Pizza,Food,56982
3292,2026-02-20,Customer_111,Pizza,Food,27130
3293,2026-03-11,Customer_46,Fries,Food,30582
3294,2026-01-21,Customer_280,Pasta,Food,N/A
3295,2026-01-06,Customer_722,Pasta,Food,54247
3296,2026-03-24,Customer_85,Burger,Food,77953
3297,2026-03-25,Customer_163,Burger,Food,85676
3298,2026-01-27,Customer_448,Pasta,Food,69879
3299,2026-03-21,Customer_769,Biryani,Food,49377rs
3300,2026-04-27,Customer_221,Pasta,food,92209
3301,2026-01-21,Customer_131,Fries,Food,56794
3302,2026-02-19,Customer_775,Burger,Food,97001
3303,2026-02-17,Customer_656,Biryani,Food,80153
3304,2026-02-16,Customer_14,Pasta,Food,30216
3305,2026-02-03,Customer_255,Pizza,Food,2629
3306,2026-03-30,Customer_391,Burger,Food,74368
3307,2026-03-20,Customer_378,Biryani,Food,27324
3308,2026-03-12,Customer_57,Combo,Food,97232
3309,2026-02-01,Customer_174,Pizza,Food,50398
3310,2026-02-10,Customer_119,Combo,food,63648
3311,2026-04-09,Customer_626,Burger,Food,62198
3312,2026-01-17,Customer_385,Burger,Food,2923
3313,2026-01-13,Customer_94,,Food,63629
3314,2026-01-03,Customer_416,Sandwich,Food,86013
3315,2026-03-27,Customer_326,Fries,Food,59359
3316,2026-03-20,Customer_134,,Food,53876
3317,2026-01-05,Customer_494,,Food,45209
3318,2026-01-28,Customer_360,Pasta,Food,80822
3319,2026-02-24,Customer_747,Roll,Food,3308
3320,2026-04-19,Customer_541,Combo,Food,36477
3321,2026-01-17,Customer_48,Pizza,Food,62392
3322,2026-02-07,Customer_233,Sandwich,Food,5869
3323,2026-02-14,Customer_172,Combo,Food,43777
3324,2026-02-14,Customer_499,Sandwich,food,66711
3325,2026-04-14,Customer_799,Fries,food,90746
3326,2026-02-22,Customer_584,,Food,N/A
3327,2026-01-20,Customer_759,Fries,Food,16027rs
3328,2026-03-20,Customer_541,Pizza,food,4802rs
3329,2026-02-07,Customer_300,Fries,Food,20070
3330,2026-02-18,,Biryani,Food,71704
3331,2026-01-06,Customer_755,Fries,Food,47896
3332,2026-03-19,Customer_4,Burger,food,3952
3333,2026-05-01,Customer_318,Pizza,Food,97228
3334,2026-01-04,Customer_503,Combo,food,14399
3335,2026-02-17,Customer_116,Burger,Food,1893
3336,2026-04-19,Customer_392,Pizza,Food,10727
3337,2026-04-09,Customer_783,Fries,Food,30126
3338,2026-01-22,Customer_35,Fries,Food,70414
3339,2026-01-22,Customer_44,Roll,Food,87938
3340,2026-02-04,Customer_62,Burger,Food,34426
3341,2026-01-24,Customer_641,Sandwich,Food,37901
3342,2026-03-04,Customer_496,Pasta,Food,47685
3343,2026-01-19,Customer_214,Roll,Food,78646
3344,2026-02-02,Customer_712,,Food,70097
3345,2026-02-04,Customer_737,Burger,Food,50315
3346,2026-01-19,Customer_514,Burger,Food,27176
3347,2026-03-03,Customer_366,,Food,88459
3348,2026-01-22,Customer_701,Pizza,Food,40476
3349,2026-03-19,Customer_260,Combo,Food,49058
3350,2026-03-12,Customer_583,,Food,99423rs
3351,2026-02-01,Customer_626,Biryani,Food,28218
3352,2026-02-09,Customer_521,Sandwich,Food,91431
3353,2026-02-05,Customer_89,Pasta,Food,94429
3354,2026-03-13,Customer_100,Pasta,Food,46281
3355,2026-04-06,Customer_755,Pasta,Food,50116
3356,2026-04-02,Customer_93,Combo,Food,80570
3357,2026-03-24,Customer_613,Burger,Food,66515
3358,2026-04-20,Customer_385,Roll,food,32349
3359,2026-03-23,Customer_682,Burger,Food,93812
3360,2026-01-05,Customer_67,,Food,91727
3361,2026-03-03,Customer_574,Fries,Food,45372
3362,2026-03-12,,Biryani,Food,36054
3363,2026-02-05,Customer_591,Pasta,Food,N/A
3364,2026-04-04,Customer_796,Burger,Food,13369
3365,2026-04-22,Customer_101,Pizza,Food,N/A
3366,2026-01-13,Customer_177,Fries,Food,10811
3367,2026-02-05,Customer_4,Pizza,Food,74004rs
3368,2026-01-09,Customer_358,Burger,Food,79286
3369,2026-04-07,Customer_128,,Food,28323
3370,2026-03-21,Customer_786,,Food,44910
3371,2026-01-27,Customer_424,Roll,Food,57761
3372,2026-04-25,Customer_697,Combo,Food,78297
3373,2026-01-23,Customer_451,Sandwich,Food,53392
3374,2026-02-25,,Pasta,Food,34688
3375,2026-02-08,Customer_73,Combo,Food,66588
3376,2026-04-28,Customer_787,Pizza,Food,99482
3377,2026-02-07,Customer_471,Sandwich,Food,4551
3378,2026-02-24,,Biryani,Food,7961
3379,2026-01-03,Customer_276,Combo,Food,42967
3380,2026-04-02,Customer_415,,Food,11597
3381,2026-04-28,Customer_553,Biryani,Food,718
3382,2026-01-25,Customer_531,Fries,Food,60324
3383,2026-03-15,Customer_685,Sandwich,Food,46271
3384,2026-04-23,Customer_48,Biryani,Food,32951
3385,2026-01-11,Customer_255,Roll,Food,9425
3386,2026-04-01,Customer_266,Sandwich,Food,70601
3387,2026-04-19,Customer_491,Burger,Food,37865
3388,2026-04-13,Customer_770,Pasta,Food,95457
3389,2026-03-06,Customer_359,Fries,Food,26151
3390,2026-01-04,Customer_472,Biryani,Food,32385
3391,2026-01-01,Customer_3,Pizza,Food,7136
3392,2026-04-16,Customer_623,Roll,Food,26614
3393,2026-04-14,Customer_667,Pasta,Food,N/A
3394,2026-04-13,Customer_577,Combo,Food,12524
3395,2026-04-11,Customer_208,Sandwich,Food,76073rs
3396,2026-03-13,Customer_543,Pizza,Food,54655
3397,2026-01-29,Customer_709,Pizza,food,68579
3398,2026-01-08,Customer_297,Sandwich,Food,31391
3399,2026-02-28,Customer_591,Pizza,Food,82016
3400,2026-01-17,Customer_647,Fries,Food,39692rs
3401,2026-01-10,Customer_42,Burger,Food,81321
3402,2026-04-03,Customer_353,Combo,Food,1709
3403,2026-01-26,Customer_182,Combo,Food,61327
3404,2026-04-21,,Pasta,Food,83913
3405,2026-04-20,Customer_655,Combo,Food,15536
3406,2026-03-19,Customer_469,Pasta,Food,N/A
3407,2026-04-14,Customer_137,Fries,Food,33075
3408,2026-01-21,Customer_375,Pasta,Food,51553
3409,2026-02-24,Customer_166,Fries,Food,97562
3410,2026-04-26,Customer_305,Roll,Food,60598
3411,2026-04-01,Customer_376,Roll,Food,67003
3412,2026-02-04,Customer_233,Burger,Food,16650
3413,2026-01-18,Customer_231,Pizza,Food,60357
3414,2026-03-27,Customer_302,Sandwich,Food,25780
3415,2026-03-04,Customer_133,Sandwich,Food,56432
3416,2026-02-14,Customer_426,Pasta,Food,25413
3417,2026-02-06,Customer_198,Roll,Food,84391
3418,2026-01-03,Customer_202,Roll,food,84089
3419,2026-01-23,Customer_510,Roll,Food,79619rs
3420,2026-04-04,Customer_779,Fries,Food,14066
3421,2026-01-05,Customer_800,Pasta,Food,75704
3422,2026-03-27,Customer_154,Biryani,Food,72805
3423,2026-02-12,Customer_697,Burger,Food,26448
3424,2026-01-05,Customer_796,Pizza,Food,91031
3425,2026-01-16,Customer_365,Sandwich,Food,20098
3426,2026-01-24,Customer_222,Roll,Food,33578
3427,2026-02-28,Customer_572,Sandwich,Food,65321
3428,2026-02-27,Customer_380,Pasta,Food,55017
3429,2026-04-23,Customer_726,Sandwich,Food,45251
3430,2026-01-23,Customer_294,Combo,Food,3424
3431,2026-02-26,Customer_183,Pizza,Food,21773
3432,2026-04-06,Customer_358,Pasta,Food,25784
3433,2026-03-06,Customer_260,Pasta,Food,39917
3434,2026-01-31,,,Food,70405
3435,2026-02-01,Customer_318,Sandwich,Food,89555
3436,2026-01-08,Customer_109,Fries,Food,62889
3437,2026-02-04,Customer_72,Combo,Food,41594
3438,2026-02-11,Customer_706,Pizza,food,126
3439,2026-03-11,Customer_34,Roll,Food,12176
3440,2026-04-06,Customer_193,Fries,Food,91299
3441,2026-04-14,Customer_168,Roll,Food,62713
3442,2026-04-05,Customer_104,Pizza,Food,62587
3443,2026-01-07,Customer_119,Fries,Food,35926
3444,2026-02-27,Customer_585,Roll,Food,89681
3445,2026-01-06,Customer_107,Pizza,Food,64632
3446,2026-04-24,Customer_400,Burger,Food,9466
3447,2026-03-04,Customer_274,Fries,Food,8015
3448,2026-03-29,Customer_774,,Food,N/A
3449,2026-05-01,Customer_502,Fries,Food,34604
3450,2026-02-01,Customer_80,Biryani,Food,50268
3451,2026-01-07,Customer_69,Combo,Food,N/A
3452,2026-04-26,Customer_328,Sandwich,Food,80124
3453,2026-04-12,Customer_585,Pasta,Food,97475
3454,2026-01-28,Customer_474,Pizza,Food,90250rs
3455,2026-01-27,Customer_216,Sandwich,Food,38470
3456,2026-02-14,Customer_644,Pasta,food,75003
3457,2026-01-17,Customer_681,Sandwich,Food,18247
3458,2026-01-18,Customer_305,Roll,Food,85377
3459,2026-01-11,Customer_531,Pasta,Food,65427
3460,2026-04-21,Customer_292,Fries,Food,28562
3461,2026-01-01,Customer_178,Sandwich,Food,83651
3462,2026-02-18,Customer_429,Combo,Food,42170
3463,2026-01-07,Customer_474,Combo,Food,12295
3464,2026-01-12,Customer_326,Burger,Food,19339
3465,2026-04-12,Customer_179,Roll,Food,57141
3466,2026-03-08,Customer_569,Combo,Food,63235
3467,2026-02-17,Customer_342,Pizza,Food,57849
3468,2026-03-23,Customer_764,Pizza,Food,66160
3469,2026-01-27,Customer_78,Burger,Food,N/A
3470,2026-03-28,Customer_639,Fries,Food,40720
3471,2026-02-07,Customer_671,Pasta,Food,78194
3472,2026-04-19,Customer_793,Pasta,Food,71189rs
3473,2026-04-27,Customer_757,Roll,Food,22502
3474,2026-03-01,Customer_405,Combo,Food,80225
3475,2026-01-28,Customer_75,Fries,Food,34679
3476,2026-04-13,Customer_136,Sandwich,Food,91431
3477,2026-03-05,Customer_38,Fries,Food,60445
3478,2026-01-13,Customer_427,Pasta,Food,28881
3479,2026-02-16,Customer_177,Burger,Food,44692
3480,2026-01-05,Customer_245,Sandwich,Food,57273
3481,2026-02-02,Customer_490,Roll,Food,25329
3482,2026-03-06,Customer_329,Fries,Food,94466
3483,2026-02-12,Customer_692,Pizza,Food,93357
3484,2026-02-09,Customer_322,Combo,Food,50978
3485,2026-03-25,Customer_356,Pasta,Food,N/A
3486,2026-02-11,Customer_57,Fries,Food,32229
3487,2026-03-31,Customer_478,Pasta,Food,42410
3488,2026-03-02,Customer_20,Biryani,Food,21954
3489,2026-01-15,Customer_630,Pizza,Food,61685
3490,2026-04-23,Customer_248,Pizza,Food,87748
3491,2026-03-07,Customer_308,Roll,Food,35067
3492,2026-04-05,Customer_103,Fries,Food,39283
3493,2026-04-17,Customer_217,Roll,Food,31117
3494,2026-01-23,Customer_765,Sandwich,Food,74470
3495,2026-04-06,,Roll,Food,N/A
3496,2026-04-16,Customer_649,Combo,Food,23069
3497,2026-01-22,Customer_585,Pasta,Food,97346
3498,2026-03-27,Customer_721,Sandwich,Food,45419
3499,2026-01-14,Customer_325,,Food,33689
3500,2026-01-14,Customer_278,Burger,Food,32118
3501,2026-04-16,Customer_247,Biryani,Food,42507
3502,2026-04-14,Customer_616,Burger,Food,12375
3503,2026-03-15,Customer_477,Sandwich,food,14295
3504,2026-02-09,Customer_391,Burger,Food,88796
3505,2026-04-07,Customer_560,Biryani,Food,65271
3506,2026-03-07,Customer_305,Pizza,Food,71581
3507,2026-02-11,Customer_495,,Food,40020
3508,2026-03-16,Customer_539,Biryani,Food,73862
3509,2026-04-09,Customer_525,Pasta,Food,10953
3510,2026-02-15,Customer_87,Pasta,Food,48255
3511,2026-03-28,,Combo,Food,83211
3512,2026-02-11,Customer_185,Burger,Food,89457
3513,2026-03-10,Customer_765,Combo,Food,84392rs
3514,2026-02-12,Customer_538,Combo,Food,78803
3515,2026-02-22,Customer_111,Pasta,Food,67948
3516,2026-03-20,Customer_567,Roll,food,38371
3517,2026-03-20,Customer_463,Burger,Food,42445
3518,2026-01-08,Customer_376,Biryani,Food,75656
3519,2026-01-06,Customer_743,Sandwich,Food,96783
3520,2026-02-20,Customer_482,Combo,Food,79068rs
3521,2026-01-14,Customer_72,Sandwich,Food,72055
3522,2026-01-23,Customer_290,Burger,Food,37337
3523,2026-03-14,Customer_232,Pasta,Food,40998
3524,2026-04-12,Customer_447,Fries,Food,65076
3525,2026-01-24,Customer_635,Combo,Food,54114rs
3526,2026-04-24,Customer_429,Fries,Food,10960
3527,2026-01-31,Customer_711,,Food,11447
3528,2026-02-21,Customer_576,Sandwich,Food,28430
3529,2026-04-12,Customer_31,Pizza,Food,24986
3530,2026-01-29,Customer_119,Pizza,Food,11717
3531,2026-04-23,Customer_140,Fries,Food,N/A
3532,2026-04-15,Customer_58,Pizza,Food,35575
3533,2026-03-28,Customer_431,Biryani,Food,40789
3534,2026-02-23,Customer_766,Biryani,Food,79162
3535,2026-04-18,Customer_406,Sandwich,Food,61806
3536,2026-04-27,,Biryani,Food,26903
3537,2026-02-27,Customer_382,Fries,Food,7638
3538,2026-02-13,Customer_554,Fries,Food,21625
3539,2026-01-08,Customer_117,Biryani,Food,79037
3540,2026-04-14,Customer_782,Biryani,Food,18556
3541,2026-04-07,Customer_532,Burger,Food,15092rs
3542,2026-01-07,Customer_778,Biryani,Food,22380
3543,2026-03-03,Customer_87,Biryani,Food,59458
3544,2026-02-16,Customer_18,Combo,Food,47410
3545,2026-04-13,Customer_373,Fries,Food,10762
3546,2026-03-17,,Sandwich,Food,87276
3547,2026-04-29,Customer_761,Roll,Food,18514
3548,2026-03-21,Customer_621,Burger,Food,N/A
3549,2026-04-23,Customer_686,,Food,17212
3550,2026-03-07,Customer_30,Combo,food,39595
3551,2026-01-17,Customer_684,Pasta,Food,58702
3552,2026-02-28,Customer_92,Burger,Food,59462rs
3553,2026-04-29,Customer_600,Fries,Food,56565rs
3554,2026-03-31,Customer_693,Roll,Food,81348
3555,2026-01-12,Customer_70,Combo,Food,47402
3556,2026-02-11,Customer_417,Pasta,Food,10837
3557,2026-04-02,Customer_711,,Food,93811
3558,2026-01-17,,Fries,Food,72732
3559,2026-03-02,,Biryani,Food,87994
3560,2026-02-21,Customer_495,Sandwich,Food,32137
3561,2026-02-05,Customer_165,,Food,82349
3562,2026-02-22,Customer_433,Pizza,Food,70971
3563,2026-03-01,Customer_257,Combo,Food,95025
3564,2026-02-27,Customer_768,Biryani,food,83718
3565,2026-01-09,Customer_645,Pizza,Food,64170
3566,2026-03-24,Customer_223,Pasta,Food,85139
3567,2026-03-24,Customer_255,Pizza,Food,15421
3568,2026-02-17,Customer_201,Biryani,Food,10403
3569,2026-03-03,Customer_695,Burger,Food,95283
3570,2026-01-10,Customer_368,Pasta,Food,8077
3571,2026-02-17,Customer_60,Roll,Food,2928rs
3572,2026-01-11,Customer_294,Fries,Food,11669
3573,2026-02-08,Customer_161,Biryani,Food,20486
3574,2026-01-02,Customer_336,Combo,Food,79689
3575,2026-04-21,Customer_712,Sandwich,Food,87948
3576,2026-03-09,Customer_139,Fries,Food,49242
3577,2026-02-26,Customer_496,Pasta,Food,6229
3578,2026-02-18,Customer_355,Pasta,Food,4616
3579,2026-01-19,Customer_757,Biryani,Food,53669
3580,2026-02-14,Customer_400,Biryani,Food,95524
3581,2026-02-13,Customer_26,Fries,Food,37869
3582,2026-03-07,Customer_102,Burger,food,93782
3583,2026-02-01,Customer_68,Roll,Food,94567
3584,2026-04-22,Customer_170,Fries,Food,48946
3585,2026-04-20,Customer_412,Biryani,Food,2681
3586,2026-02-19,Customer_97,Roll,Food,90474
3587,2026-03-26,Customer_216,Fries,Food,24799
3588,2026-01-01,Customer_373,Pizza,Food,35583
3589,2026-02-06,Customer_635,Roll,Food,95402
3590,2026-03-17,Customer_612,Biryani,Food,45950
3591,2026-01-13,,Sandwich,Food,28161
3592,2026-01-12,Customer_793,Pasta,Food,23286
3593,2026-02-17,Customer_29,Sandwich,Food,85776
3594,2026-02-28,Customer_173,Fries,Food,42416
3595,2026-01-06,Customer_506,Fries,Food,N/A
3596,2026-01-19,Customer_724,Pasta,Food,71153
3597,2026-01-08,Customer_324,Burger,Food,35229
3598,2026-02-19,Customer_347,Pasta,Food,N/Ars
3599,2026-04-13,Customer_432,Fries,Food,19573
3600,2026-04-12,Customer_198,Combo,Food,90217
3601,2026-03-17,Customer_447,Fries,Food,59022
3602,2026-04-18,Customer_446,Pasta,Food,68581
3603,2026-02-14,,Burger,Food,22767
3604,2026-01-28,Customer_152,Combo,Food,61774
3605,2026-04-22,Customer_9,Fries,Food,72324
3606,2026-01-22,Customer_31,Burger,Food,14479rs
3607,2026-04-11,Customer_27,Pasta,Food,10456
3608,2026-04-11,Customer_364,,Food,88718
3609,2026-02-21,Customer_324,Sandwich,Food,29252
3610,2026-01-26,Customer_634,Biryani,Food,20413
3611,2026-04-25,Customer_361,Combo,Food,26031
3612,2026-02-06,Customer_1,,Food,97954
3613,2026-01-23,Customer_491,,Food,12899
3614,2026-03-23,Customer_2,,Food,3849
3615,2026-04-11,Customer_477,Pasta,Food,48224
3616,2026-02-22,Customer_484,Biryani,Food,3874
3617,2026-03-10,Customer_229,Burger,Food,29630
3618,2026-01-07,Customer_13,Combo,Food,90320
3619,2026-04-05,Customer_552,Burger,Food,86888
3620,2026-03-30,Customer_181,Burger,Food,20883
3621,2026-01-27,Customer_125,Fries,Food,47560
3622,2026-02-26,Customer_164,Sandwich,Food,99477
3623,2026-03-04,Customer_428,Biryani,Food,43951
3624,2026-04-14,Customer_399,Burger,Food,78807
3625,2026-01-27,Customer_170,Sandwich,Food,58478
3626,2026-03-22,Customer_254,Combo,Food,33683
3627,2026-02-28,Customer_151,Combo,Food,73107
3628,2026-04-29,Customer_47,Burger,Food,7543
3629,2026-03-31,Customer_787,Pizza,Food,67101
3630,2026-03-01,Customer_487,Pasta,Food,32515
3631,2026-01-24,Customer_471,Pizza,Food,13379
3632,2026-01-18,Customer_601,Burger,Food,16326
3633,2026-01-22,Customer_25,Combo,Food,18036
3634,2026-02-22,Customer_777,Pasta,Food,84746
3635,2026-04-24,Customer_172,Sandwich,Food,32500rs
3636,2026-03-21,Customer_747,Sandwich,Food,59082
3637,2026-02-04,Customer_112,Fries,Food,64441
3638,2026-01-28,Customer_562,Combo,Food,54705
3639,2026-04-10,Customer_610,Combo,Food,70258
3640,2026-01-05,Customer_502,Biryani,Food,N/A
3641,2026-03-25,Customer_387,Biryani,Food,11118
3642,2026-02-15,Customer_434,,Food,7823
3643,2026-01-19,Customer_491,Fries,Food,92237
3644,2026-04-11,Customer_582,Roll,Food,12209
3645,2026-02-13,Customer_171,Pasta,Food,14680rs
3646,2026-02-13,Customer_371,Burger,Food,92599
3647,2026-04-20,Customer_126,Sandwich,Food,90286
3648,2026-01-09,Customer_286,Fries,Food,46322
3649,2026-04-01,,Sandwich,Food,26251
3650,2026-01-03,Customer_5,Biryani,Food,35025
3651,2026-04-12,,Pasta,Food,15036
3652,2026-03-09,Customer_375,Fries,Food,2936
3653,2026-04-10,Customer_28,Biryani,Food,60708
3654,2026-04-11,Customer_621,Combo,Food,45467
3655,2026-03-22,Customer_648,Combo,Food,91289
3656,2026-03-10,Customer_570,,Food,62539rs
3657,2026-02-05,Customer_706,Combo,Food,9897
3658,2026-04-27,Customer_471,Sandwich,Food,92003
3659,2026-01-12,Customer_12,Roll,Food,98768
3660,2026-02-08,Customer_409,Biryani,Food,65051
3661,2026-04-03,,Burger,Food,97265
3662,2026-03-05,,Pizza,Food,25054
3663,2026-04-26,Customer_203,Roll,Food,65554
3664,2026-01-31,Customer_224,Pizza,Food,37929
3665,2026-03-10,Customer_478,Roll,Food,9150
3666,2026-01-23,Customer_787,Biryani,Food,N/A
3667,2026-01-30,Customer_148,Pizza,Food,N/A
3668,2026-04-09,Customer_793,Pizza,Food,16186
3669,2026-01-05,Customer_614,Fries,Food,24953
3670,2026-04-24,Customer_385,Sandwich,Food,39190
3671,2026-01-10,Customer_255,Burger,Food,41402
3672,2026-04-20,Customer_92,Fries,Food,30919
3673,2026-01-30,Customer_560,Roll,Food,64633
3674,2026-03-03,Customer_593,Biryani,Food,35383rs
3675,2026-02-16,Customer_522,Sandwich,Food,92378
3676,2026-02-02,Customer_779,Roll,Food,87643
3677,2026-04-17,Customer_489,Sandwich,Food,35339
3678,2026-01-13,Customer_631,Biryani,Food,43932
3679,2026-02-07,Customer_549,Pizza,Food,88914
3680,2026-03-23,Customer_528,Fries,Food,97873
3681,2026-02-02,Customer_146,Fries,Food,45795
3682,2026-01-04,Customer_578,,Food,20437
3683,2026-01-08,Customer_173,Combo,Food,26875
3684,2026-02-05,Customer_4,Fries,Food,11464
3685,2026-04-08,Customer_347,Biryani,Food,91414
3686,2026-01-19,Customer_14,Biryani,Food,30762
3687,2026-01-04,Customer_225,Sandwich,Food,31510
3688,2026-02-05,Customer_476,Sandwich,Food,517
3689,2026-03-09,,Biryani,Food,90372
3690,2026-02-16,Customer_176,Roll,Food,21618
3691,2026-01-06,Customer_246,Pizza,food,42400
3692,2026-03-13,Customer_121,Sandwich,Food,74670
3693,2026-01-31,Customer_585,Fries,Food,6270
3694,2026-04-23,Customer_362,Fries,Food,26725
3695,2026-03-10,Customer_577,Burger,Food,18841
3696,2026-02-27,Customer_148,Pasta,Food,42374
3697,2026-01-25,Customer_598,Pizza,Food,39438
3698,2026-04-15,,Burger,Food,4279
3699,2026-04-25,Customer_263,Fries,Food,2260
3700,2026-03-26,Customer_180,Roll,Food,10925
3701,2026-04-17,Customer_630,Biryani,Food,36186
3702,2026-03-26,Customer_650,Burger,Food,62720
3703,2026-02-04,Customer_97,Biryani,Food,97947
3704,2026-02-12,Customer_690,Sandwich,Food,81647
3705,2026-01-08,Customer_226,Burger,Food,32806
3706,2026-02-07,Customer_238,Fries,Food,42578
3707,2026-04-17,Customer_413,Pasta,Food,31790
3708,2026-03-02,Customer_419,Biryani,Food,34745
3709,2026-03-15,Customer_541,Combo,Food,98458
3710,2026-03-21,Customer_238,Burger,Food,33910
3711,2026-04-15,Customer_282,Sandwich,food,33731
3712,2026-01-03,Customer_217,Sandwich,Food,7047
3713,2026-01-24,Customer_304,Fries,Food,72276
3714,2026-02-25,Customer_644,Sandwich,Food,6381
3715,2026-02-21,Customer_780,,Food,94919
3716,2026-03-22,Customer_517,Fries,Food,11437
3717,2026-01-08,Customer_470,Burger,Food,61816
3718,2026-01-19,Customer_771,Sandwich,Food,941
3719,2026-03-31,Customer_632,Burger,Food,57233
3720,2026-04-16,Customer_678,Roll,Food,7950
3721,2026-03-06,Customer_8,Burger,Food,93901
3722,2026-04-27,Customer_273,,Food,9853
3723,2026-04-08,,Roll,Food,28036
3724,2026-01-07,,Biryani,Food,54727
3725,2026-02-17,Customer_298,Roll,Food,22270
3726,2026-01-12,Customer_360,Combo,Food,22784
3727,2026-02-17,Customer_414,Pizza,Food,22178
3728,2026-03-13,Customer_273,Combo,Food,83354
3729,2026-03-12,Customer_641,Pizza,Food,56759
3730,2026-03-20,Customer_536,Sandwich,Food,66284
3731,2026-03-26,Customer_253,Sandwich,Food,89675
3732,2026-02-23,Customer_294,Sandwich,Food,11013
3733,2026-04-25,Customer_742,Pizza,Food,82317
3734,2026-03-11,Customer_738,Burger,Food,93168
3735,2026-04-16,Customer_213,Roll,Food,7472
3736,2026-01-11,Customer_477,Biryani,Food,74438
3737,2026-01-05,Customer_494,Fries,Food,1456
3738,2026-01-06,Customer_382,Pizza,Food,47699
3739,2026-02-21,Customer_3,Sandwich,Food,58496
3740,2026-01-29,Customer_583,Pizza,Food,28247
3741,2026-03-07,Customer_454,,Food,61273rs
3742,2026-04-28,Customer_371,Roll,Food,33567
3743,2026-04-20,Customer_284,Fries,Food,92762
3744,2026-02-21,Customer_435,Pizza,Food,61660
3745,2026-02-02,Customer_30,Roll,Food,74220
3746,2026-03-19,Customer_526,Pasta,Food,66144
3747,2026-04-22,Customer_356,,Food,27010
3748,2026-03-09,Customer_234,Burger,Food,49835
3749,2026-03-11,Customer_197,Roll,Food,31020
3750,2026-02-01,Customer_667,Sandwich,Food,67906
3751,2026-04-26,Customer_18,Pizza,Food,55681
3752,2026-03-19,Customer_730,Biryani,Food,84798
3753,2026-01-08,Customer_22,Pasta,Food,33280rs
3754,2026-03-10,Customer_2,Biryani,Food,43266
3755,2026-02-03,Customer_627,Fries,Food,9753
3756,2026-04-11,Customer_25,Biryani,Food,62539rs
3757,2026-01-05,Customer_625,Burger,Food,N/A
3758,2026-03-10,Customer_144,Sandwich,Food,8800
3759,2026-03-15,Customer_737,Fries,Food,99098rs
3760,2026-04-09,Customer_532,Sandwich,Food,38832
3761,2026-02-12,Customer_122,Fries,Food,81855
3762,2026-04-14,Customer_475,Sandwich,Food,N/A
3763,2026-04-13,Customer_712,Burger,Food,67229
3764,2026-04-09,Customer_434,Sandwich,Food,49869
3765,2026-03-31,Customer_680,Biryani,Food,35134rs
3766,2026-02-16,Customer_591,Biryani,Food,66175
3767,2026-04-24,Customer_513,Combo,Food,73766
3768,2026-04-05,Customer_750,Sandwich,Food,98693
3769,2026-04-26,Customer_572,Pizza,Food,15458
3770,2026-04-12,Customer_434,Pizza,Food,28989
3771,2026-04-23,Customer_332,Combo,Food,958rs
3772,2026-04-19,Customer_439,Pizza,Food,24760
3773,2026-01-11,,Biryani,Food,N/A
3774,2026-02-11,Customer_230,Roll,Food,28373
3775,2026-01-03,,Pizza,Food,32314
3776,2026-03-01,Customer_182,Biryani,Food,75187
3777,2026-03-04,Customer_497,Pizza,Food,15290
3778,2026-02-03,Customer_48,Combo,Food,21415
3779,2026-04-18,Customer_528,Combo,Food,87292
3780,2026-01-25,Customer_155,Burger,Food,69288rs
3781,2026-04-21,Customer_212,Burger,Food,96372
3782,2026-01-28,Customer_514,Combo,Food,56210
3783,2026-04-20,Customer_386,Burger,Food,38903
3784,2026-04-26,Customer_441,Sandwich,Food,49032
3785,2026-03-21,Customer_151,Combo,Food,14468
3786,2026-03-19,Customer_776,Biryani,Food,72351
3787,2026-02-20,Customer_374,Fries,Food,25192
3788,2026-02-10,Customer_245,Roll,Food,71669
3789,2026-04-06,Customer_675,Roll,Food,7498
3790,2026-01-18,Customer_245,Roll,Food,25486
3791,2026-03-12,Customer_292,Pizza,Food,19235
3792,2026-04-16,Customer_640,Combo,Food,80921
3793,2026-04-17,Customer_232,Combo,food,59153
3794,2026-01-17,Customer_480,Pasta,Food,65315
3795,2026-01-04,Customer_746,Pizza,Food,1844
3796,2026-01-10,Customer_14,Fries,Food,4141
3797,2026-02-02,Customer_680,Sandwich,Food,N/A
3798,2026-04-10,Customer_769,Sandwich,Food,94332
3799,2026-03-08,Customer_99,Roll,Food,94073
3800,2026-03-24,Customer_680,Pasta,Food,9626
3801,2026-01-31,Customer_118,Pasta,Food,89765
3802,2026-01-07,Customer_386,Pizza,Food,50810
3803,2026-04-27,Customer_387,Fries,Food,13523
3804,2026-01-16,Customer_586,Sandwich,Food,62251
3805,2026-03-09,Customer_670,Sandwich,Food,86103
3806,2026-02-10,Customer_582,Biryani,Food,23337
3807,2026-04-02,Customer_426,Pizza,Food,65984
3808,2026-03-11,Customer_296,Burger,Food,48010
3809,2026-02-18,Customer_433,Pizza,Food,35707rs
3810,2026-01-14,Customer_698,Roll,Food,21682
3811,2026-04-18,Customer_164,Pasta,Food,11527rs
3812,2026-01-02,Customer_451,Biryani,Food,87822rs
3813,2026-03-29,Customer_604,Combo,Food,21995
3814,2026-03-18,Customer_521,Fries,Food,20501
3815,2026-03-18,Customer_596,Fries,Food,44346
3816,2026-03-10,Customer_587,Pizza,Food,87051
3817,2026-01-31,Customer_134,,Food,15438
3818,2026-02-06,Customer_155,Pizza,Food,41479
3819,2026-02-04,Customer_748,Fries,Food,96102
3820,2026-03-26,Customer_390,Combo,Food,55980
3821,2026-01-10,Customer_296,Pasta,Food,48583
3822,2026-04-16,Customer_357,Pasta,Food,71346rs
3823,2026-04-12,Customer_283,Roll,Food,71730
3824,2026-04-05,Customer_356,,Food,41804
3825,2026-02-20,Customer_723,Burger,Food,65537
3826,2026-01-27,Customer_39,Sandwich,Food,28920
3827,2026-01-25,Customer_703,Burger,Food,59345
3828,2026-02-26,Customer_637,Roll,Food,98749
3829,2026-01-03,Customer_540,Pizza,Food,6316
3830,2026-01-08,Customer_521,Pizza,Food,95573
3831,2026-04-28,Customer_785,Sandwich,Food,N/A
3832,2026-01-18,Customer_472,Combo,Food,78017
3833,2026-03-23,Customer_670,Sandwich,Food,99210
3834,2026-03-13,Customer_401,Biryani,Food,24637
3835,2026-04-10,Customer_726,Pasta,Food,55805rs
3836,2026-02-02,Customer_87,Burger,Food,17799
3837,2026-01-02,Customer_154,Sandwich,Food,70264
3838,2026-04-19,Customer_82,Biryani,Food,18609
3839,2026-03-17,Customer_685,Roll,Food,13434
3840,2026-01-07,Customer_524,Fries,Food,83812
3841,2026-02-06,Customer_245,Sandwich,food,45156
3842,2026-04-23,Customer_342,Pasta,Food,N/A
3843,2026-01-30,Customer_94,Pizza,Food,2590rs
3844,2026-03-27,Customer_178,Combo,Food,93264rs
3845,2026-01-28,Customer_250,Combo,Food,98107
3846,2026-03-29,Customer_238,Burger,Food,62749
3847,2026-01-21,Customer_439,Combo,Food,84831
3848,2026-01-09,Customer_750,Biryani,Food,250
3849,2026-01-11,Customer_732,Fries,Food,99489
3850,2026-01-10,Customer_204,Biryani,Food,63677
3851,2026-03-24,Customer_683,Fries,Food,57081rs
3852,2026-04-04,Customer_488,Sandwich,Food,93062
3853,2026-04-08,Customer_650,Roll,Food,85927
3854,2026-04-18,Customer_800,Roll,Food,33781
3855,2026-01-30,Customer_532,Combo,Food,N/A
3856,2026-02-22,Customer_70,Pizza,Food,59908
3857,2026-03-24,Customer_117,Pasta,Food,53565
3858,2026-04-04,Customer_169,Burger,Food,98741
3859,2026-04-14,Customer_502,Pasta,Food,N/A
3860,2026-02-04,Customer_306,Fries,Food,22288
3861,2026-03-25,Customer_496,Biryani,Food,10364rs
3862,2026-03-10,Customer_327,Fries,Food,9059
3863,2026-01-26,Customer_53,Combo,Food,40628
3864,2026-04-20,Customer_638,Pizza,Food,87991
3865,2026-03-04,Customer_165,Sandwich,Food,31788
3866,2026-01-09,Customer_341,Sandwich,Food,77139
3867,2026-01-01,,Pasta,Food,87144
3868,2026-02-11,Customer_406,Roll,Food,65834
3869,2026-04-08,Customer_645,Combo,Food,64648
3870,2026-02-17,Customer_780,Fries,Food,73783
3871,2026-04-28,Customer_297,Sandwich,Food,87357
3872,2026-03-02,Customer_552,Burger,Food,25204
3873,2026-03-26,Customer_569,Burger,Food,563
3874,2026-04-09,Customer_651,Pasta,Food,46865
3875,2026-01-21,Customer_687,Combo,Food,88982
3876,2026-03-24,Customer_788,Biryani,Food,57022
3877,2026-04-22,Customer_474,Combo,Food,35755
3878,2026-02-28,Customer_47,Biryani,Food,48666
3879,2026-04-02,Customer_105,Roll,Food,42099
3880,2026-01-12,Customer_406,Biryani,Food,52801
3881,2026-03-29,Customer_416,,Food,23874
3882,2026-04-09,Customer_800,Pasta,Food,93207
3883,2026-04-07,Customer_389,Burger,Food,52263
3884,2026-01-06,Customer_96,Combo,Food,70398
3885,2026-02-26,Customer_408,Fries,Food,73701
3886,2026-03-08,Customer_441,Fries,Food,49229
3887,2026-03-13,Customer_786,Burger,Food,70578
3888,2026-01-17,Customer_560,Combo,Food,82073
3889,2026-01-05,Customer_527,Sandwich,Food,67713
3890,2026-03-24,Customer_21,Fries,Food,69064
3891,2026-02-25,Customer_390,Roll,Food,85073
3892,2026-01-18,Customer_344,Roll,Food,38262
3893,2026-01-28,Customer_240,Pizza,Food,96379
3894,2026-02-10,Customer_722,Biryani,Food,8109
3895,2026-04-04,Customer_702,Roll,Food,33046
3896,2026-04-07,Customer_566,Sandwich,Food,80687
3897,2026-03-13,Customer_244,Fries,Food,54353
3898,2026-01-05,Customer_57,Biryani,Food,51173
3899,2026-04-10,Customer_141,Pizza,Food,61115
3900,2026-01-19,Customer_716,Roll,Food,75723
3901,2026-03-31,Customer_444,Fries,Food,67049
3902,2026-01-22,Customer_460,Pizza,food,24006
3903,2026-04-25,Customer_196,Burger,Food,2547
3904,2026-04-27,Customer_754,Combo,Food,25278
3905,2026-02-14,Customer_144,Fries,Food,5305
3906,2026-04-11,Customer_209,Pizza,Food,38655
3907,2026-03-15,Customer_283,Burger,Food,35357
3908,2026-04-20,Customer_64,Biryani,Food,139
3909,2026-01-26,,Roll,Food,8634
3910,2026-03-15,Customer_590,Burger,food,78751
3911,2026-03-01,Customer_286,Combo,Food,36193
3912,2026-04-07,Customer_416,Biryani,Food,46914
3913,2026-04-24,Customer_754,Burger,Food,80719
3914,2026-01-07,,Roll,Food,N/A
3915,2026-01-25,Customer_649,Pasta,Food,78376
3916,2026-04-18,Customer_117,Pasta,Food,10356
3917,2026-03-08,Customer_432,Sandwich,Food,N/A
3918,2026-02-14,Customer_273,Biryani,food,47803
3919,2026-04-01,,Combo,Food,75116
3920,2026-01-16,Customer_349,Pasta,Food,84186
3921,2026-03-13,Customer_579,Fries,Food,5834
3922,2026-02-27,Customer_229,Biryani,Food,39805rs
3923,2026-02-06,Customer_349,Sandwich,Food,N/A
3924,2026-03-12,Customer_762,Pizza,Food,20739
3925,2026-02-20,Customer_528,Roll,Food,1679
3926,2026-01-28,Customer_170,Biryani,Food,38234
3927,2026-02-03,Customer_217,Combo,Food,N/A
3928,2026-03-18,Customer_450,Biryani,food,73119
3929,2026-01-30,Customer_468,Pasta,Food,83665
3930,2026-03-21,,Burger,Food,26627
3931,2026-01-07,,Roll,Food,60427
3932,2026-04-11,Customer_426,Roll,Food,3752
3933,2026-01-25,Customer_674,Pasta,Food,29930
3934,2026-03-13,Customer_84,Fries,Food,23772
3935,2026-02-14,,Burger,Food,74423
3936,2026-04-17,Customer_480,Combo,Food,32491
3937,2026-03-20,Customer_315,Combo,Food,41234
3938,2026-04-30,Customer_17,Burger,Food,95550
3939,2026-04-27,Customer_585,Sandwich,Food,79556
3940,2026-04-09,Customer_391,Pasta,Food,96766
3941,2026-03-09,Customer_590,Sandwich,Food,48968
3942,2026-02-06,Customer_325,Roll,Food,78001
3943,2026-04-05,Customer_204,Pizza,Food,85689
3944,2026-01-18,Customer_142,Fries,Food,93803
3945,2026-02-13,Customer_273,Pasta,food,N/A
3946,2026-01-19,Customer_453,Roll,Food,60248
3947,2026-02-05,Customer_370,Pasta,Food,96053
3948,2026-04-04,Customer_727,Fries,Food,39968
3949,2026-02-10,Customer_676,Biryani,Food,91642
3950,2026-03-06,Customer_674,Combo,Food,14521
3951,2026-02-13,Customer_589,Fries,Food,5340
3952,2026-01-27,Customer_45,Pizza,food,60291
3953,2026-03-22,Customer_166,Roll,Food,34138
3954,2026-04-12,Customer_757,Burger,Food,69752
3955,2026-02-08,Customer_430,Fries,Food,37817
3956,2026-02-03,Customer_345,Roll,Food,34288
3957,2026-03-28,Customer_24,Burger,Food,53194rs
3958,2026-03-20,Customer_516,Burger,food,25847
3959,2026-02-04,Customer_182,,Food,10900
3960,2026-02-16,Customer_571,Combo,Food,N/A
3961,2026-02-07,Customer_422,,Food,53234
3962,2026-01-19,Customer_464,Pasta,Food,60682
3963,2026-04-30,Customer_566,Pasta,Food,86457
3964,2026-04-18,Customer_699,Combo,Food,12771
3965,2026-03-20,Customer_676,,Food,60024
3966,2026-03-13,Customer_233,Sandwich,Food,98743
3967,2026-03-12,Customer_14,Roll,Food,96306
3968,2026-03-17,Customer_344,Pasta,Food,14558
3969,2026-03-02,Customer_240,Sandwich,Food,25706
3970,2026-05-01,Customer_150,Roll,Food,2045
3971,2026-04-23,Customer_549,Pizza,Food,81588
3972,2026-03-16,,Pizza,Food,22190
3973,2026-01-11,Customer_197,,Food,68570
3974,2026-03-05,Customer_602,Burger,Food,32716
3975,2026-03-25,Customer_705,Roll,Food,87025
3976,2026-03-11,Customer_198,Biryani,Food,34005
3977,2026-03-28,Customer_229,Pizza,Food,87348
3978,2026-01-21,Customer_671,Roll,Food,N/A
3979,2026-04-19,Customer_362,Roll,Food,4606
3980,2026-03-09,Customer_369,Sandwich,Food,26983
3981,2026-02-12,Customer_622,Pasta,Food,63681
3982,2026-02-21,Customer_569,Fries,Food,27348
3983,2026-01-03,Customer_426,Burger,Food,31974
3984,2026-03-13,Customer_107,Sandwich,food,20144rs
3985,2026-03-12,Customer_82,Sandwich,Food,45545
3986,2026-01-28,Customer_559,Roll,Food,90570
3987,2026-04-17,Customer_76,Pizza,Food,56018
3988,2026-01-02,Customer_116,Pizza,Food,13571
3989,2026-04-19,,Pizza,Food,43580
3990,2026-04-07,Customer_651,Pizza,Food,33952
3991,2026-03-06,Customer_557,Burger,Food,65579
3992,2026-01-14,Customer_25,Burger,Food,35800
3993,2026-04-29,Customer_369,,Food,45357
3994,2026-02-10,Customer_96,Combo,Food,2093
3995,2026-03-25,Customer_595,Combo,Food,50967rs
3996,2026-01-26,Customer_393,Combo,Food,95526
3997,2026-03-24,Customer_248,Pasta,Food,30630
3998,2026-01-17,Customer_551,,Food,66271
3999,2026-01-14,Customer_477,Roll,Food,73792
4000,2026-02-28,Customer_92,Pizza,Food,45776
4001,2026-01-01,Customer_125,Pizza,Food,34275
4002,2026-01-30,Customer_540,Combo,Food,37384
4003,2026-04-02,,,Food,87767
4004,2026-02-26,Customer_607,Roll,Food,68804
4005,2026-01-18,Customer_736,Fries,Food,12481
4006,2026-04-13,Customer_685,Biryani,Food,17536
4007,2026-03-10,Customer_409,Pizza,Food,46134
4008,2026-04-07,,Burger,Food,90167rs
4009,2026-02-26,,Fries,Food,58446
4010,2026-03-02,Customer_300,Combo,Food,63221
4011,2026-01-02,Customer_181,Burger,Food,76750
4012,2026-02-28,Customer_569,Roll,Food,85649
4013,2026-03-24,Customer_26,Combo,Food,52338
4014,2026-02-22,Customer_666,Combo,Food,76586
4015,2026-02-18,Customer_162,Burger,food,78291
4016,2026-03-15,Customer_86,Pasta,Food,N/A
4017,2026-02-13,Customer_486,Pasta,Food,90588
4018,2026-03-16,Customer_55,Biryani,Food,61658
4019,2026-02-07,Customer_74,Fries,Food,65875
4020,2026-04-11,,Burger,food,88483
4021,2026-01-20,Customer_10,Biryani,Food,25495rs
4022,2026-03-10,,Combo,Food,4823
4023,2026-01-12,Customer_226,Pasta,Food,69801
4024,2026-02-24,Customer_340,Fries,Food,76631
4025,2026-04-25,Customer_36,Roll,Food,11718
4026,2026-02-11,Customer_342,Biryani,Food,75139
4027,2026-01-24,Customer_433,,Food,92168
4028,2026-02-26,Customer_678,Sandwich,Food,9968
4029,2026-02-15,Customer_9,Roll,Food,25164
4030,2026-04-01,Customer_56,Pizza,Food,81762
4031,2026-02-24,Customer_493,Sandwich,Food,92775
4032,2026-02-07,Customer_57,Combo,Food,47057
4033,2026-01-16,Customer_355,,Food,80347
4034,2026-01-07,Customer_643,Biryani,Food,32640
4035,2026-04-04,Customer_97,Fries,Food,77237
4036,2026-04-21,Customer_275,Pasta,Food,51551rs
4037,2026-01-13,Customer_690,Pizza,Food,92265
4038,2026-03-16,Customer_752,Roll,Food,82950
4039,2026-04-07,Customer_128,Combo,Food,76794rs
4040,2026-04-22,Customer_527,Fries,Food,77828
4041,2026-04-20,Customer_555,Fries,Food,26299
4042,2026-02-21,Customer_670,Sandwich,Food,40006
4043,2026-03-25,Customer_39,Biryani,Food,94724
4044,2026-04-21,Customer_212,Biryani,Food,93876
4045,2026-03-18,Customer_239,Pizza,Food,81638
4046,2026-02-28,Customer_23,Fries,Food,71220
4047,2026-01-16,Customer_71,Burger,Food,54619
4048,2026-04-18,Customer_69,Biryani,Food,5493
4049,2026-03-30,Customer_415,Roll,Food,72808
4050,2026-04-02,Customer_673,Combo,Food,17327
4051,2026-02-10,,Sandwich,Food,96060
4052,2026-03-13,Customer_445,Pizza,Food,36215
4053,2026-04-04,Customer_405,Sandwich,Food,29753
4054,2026-02-22,Customer_491,Pizza,Food,52317
4055,2026-04-18,Customer_306,Roll,Food,82515
4056,2026-04-30,Customer_303,Biryani,Food,56926
4057,2026-02-12,Customer_656,Pasta,Food,N/A
4058,2026-02-19,Customer_634,Biryani,Food,15356
4059,2026-03-31,Customer_16,Sandwich,Food,N/A
4060,2026-03-23,Customer_504,Pasta,Food,21428
4061,2026-02-20,Customer_180,Pizza,Food,56551
4062,2026-03-16,Customer_88,Sandwich,Food,75566rs
4063,2026-02-26,Customer_236,Pasta,Food,93595
4064,2026-02-25,Customer_385,Roll,Food,84468
4065,2026-04-25,Customer_56,Fries,Food,49756
4066,2026-03-06,Customer_53,Burger,Food,39363
4067,2026-03-10,Customer_634,Biryani,Food,13754
4068,2026-04-01,Customer_539,Pizza,Food,87627
4069,2026-02-07,Customer_370,Burger,Food,78477
4070,2026-02-10,Customer_131,,Food,24960
4071,2026-03-25,Customer_490,Pizza,Food,32572
4072,2026-01-04,Customer_681,Sandwich,Food,61862
4073,2026-03-03,Customer_341,Roll,Food,92920
4074,2026-03-16,Customer_594,Biryani,Food,50339
4075,2026-03-20,Customer_331,Sandwich,Food,N/A
4076,2026-01-26,Customer_431,Burger,Food,45074
4077,2026-03-08,Customer_770,Sandwich,Food,55587
4078,2026-03-31,Customer_515,Pasta,Food,99139
4079,2026-01-06,Customer_473,Combo,Food,99741
4080,2026-02-19,Customer_531,Biryani,Food,17608
4081,2026-02-19,Customer_577,Pizza,Food,86696
4082,2026-04-28,Customer_718,Fries,Food,27157
4083,2026-03-12,Customer_346,Pizza,Food,N/A
4084,2026-04-18,Customer_582,Pizza,Food,79598
4085,2026-01-07,Customer_217,Fries,Food,36788
4086,2026-04-04,Customer_737,Pizza,Food,98212
4087,2026-03-22,Customer_297,Burger,Food,33127
4088,2026-03-27,Customer_436,Biryani,Food,26634
4089,2026-01-12,Customer_723,Roll,Food,90094
4090,2026-01-22,Customer_475,Roll,Food,8325
4091,2026-04-05,Customer_388,Sandwich,Food,77528
4092,2026-02-17,Customer_369,Sandwich,Food,26594
4093,2026-02-24,Customer_339,Pasta,Food,45224
4094,2026-01-22,Customer_134,Roll,Food,53030
4095,2026-01-13,Customer_221,Fries,Food,40578
4096,2026-04-06,Customer_718,Pizza,Food,38776
4097,2026-04-17,Customer_524,Sandwich,Food,63507
4098,2026-04-23,Customer_227,Burger,Food,62610
4099,2026-01-06,Customer_531,,Food,54469
4100,2026-03-29,Customer_219,Biryani,Food,50623
4101,2026-04-16,Customer_150,Combo,Food,61443
4102,2026-02-23,Customer_659,Pasta,Food,N/A
4103,2026-02-12,Customer_469,Burger,Food,13999
4104,2026-03-03,Customer_674,Sandwich,Food,34653
4105,2026-02-01,Customer_734,Pasta,Food,84306
4106,2026-04-18,,,Food,81888
4107,2026-03-12,Customer_488,Burger,Food,2192
4108,2026-03-11,Customer_457,Roll,Food,43593
4109,2026-01-09,Customer_340,Roll,Food,74735
4110,2026-02-10,Customer_414,Pasta,Food,2709
4111,2026-04-20,Customer_568,Burger,Food,64715
4112,2026-01-12,Customer_623,Sandwich,Food,7629
4113,2026-04-27,Customer_781,Combo,Food,75640
4114,2026-04-23,Customer_734,Pizza,Food,13096
4115,2026-02-26,Customer_301,Pasta,Food,27950
4116,2026-02-22,Customer_48,Combo,Food,27772
4117,2026-02-25,Customer_93,Biryani,Food,63654
4118,2026-01-05,Customer_212,Biryani,Food,79284
4119,2026-01-23,Customer_270,Fries,Food,72475
4120,2026-01-29,Customer_232,Combo,Food,17746
4121,2026-04-09,Customer_665,Pasta,Food,5226
4122,2026-03-16,Customer_318,Pizza,Food,80505
4123,2026-04-29,Customer_586,Pasta,Food,18733
4124,2026-03-10,Customer_656,Sandwich,Food,73962
4125,2026-02-03,Customer_248,Combo,Food,N/A
4126,2026-01-15,Customer_658,Sandwich,Food,17254
4127,2026-02-02,Customer_775,Fries,Food,48261
4128,2026-03-14,Customer_44,Pizza,Food,91539
4129,2026-01-23,Customer_678,Fries,Food,21060
4130,2026-05-01,Customer_707,Pizza,Food,85390
4131,2026-04-02,Customer_353,,Food,74042
4132,2026-02-23,Customer_571,Pizza,Food,33335
4133,2026-02-23,Customer_44,Biryani,Food,67799rs
4134,2026-02-22,Customer_369,Biryani,Food,9117
4135,2026-02-15,Customer_751,Biryani,Food,21714
4136,2026-04-28,Customer_414,Biryani,Food,42631
4137,2026-04-23,Customer_452,Fries,Food,68770
4138,2026-03-06,Customer_173,Sandwich,Food,76880
4139,2026-01-10,Customer_763,Pizza,Food,78756
4140,2026-03-27,Customer_427,Biryani,Food,32991
4141,2026-03-05,Customer_779,Sandwich,Food,59424
4142,2026-04-02,Customer_277,Pasta,Food,52239
4143,2026-01-18,Customer_201,Roll,Food,56467
4144,2026-02-10,Customer_658,Roll,Food,54144
4145,2026-03-31,Customer_278,Pasta,Food,N/A
4146,2026-04-26,Customer_59,Roll,Food,37955
4147,2026-04-25,Customer_188,Biryani,Food,59651
4148,2026-04-27,Customer_18,Pizza,Food,58336
4149,2026-02-24,Customer_350,Roll,Food,N/A
4150,2026-03-24,Customer_170,Biryani,Food,N/A
4151,2026-03-26,Customer_723,Burger,Food,31458rs
4152,2026-03-24,Customer_769,Combo,Food,58967
4153,2026-02-17,Customer_24,Pizza,Food,93828
4154,2026-02-24,Customer_377,Pasta,Food,69130
4155,2026-01-17,Customer_229,Burger,Food,16740
4156,2026-02-22,Customer_185,Pasta,Food,51093
4157,2026-04-23,Customer_288,Biryani,Food,37650
4158,2026-04-19,Customer_265,Burger,Food,48548
4159,2026-02-04,Customer_784,Sandwich,Food,24578
4160,2026-03-30,Customer_641,Fries,Food,15745rs
4161,2026-02-20,Customer_96,Roll,Food,50035
4162,2026-04-20,Customer_31,Burger,Food,46188
4163,2026-02-01,,Pizza,Food,57277
4164,2026-03-02,,Biryani,Food,67375
4165,2026-01-11,Customer_584,Combo,Food,54200
4166,2026-03-21,Customer_623,Roll,Food,26627
4167,2026-01-09,Customer_360,Fries,Food,17128
4168,2026-02-15,Customer_237,Pasta,Food,29646
4169,2026-04-04,Customer_370,Sandwich,Food,53367
4170,2026-04-04,Customer_359,Combo,Food,94918rs
4171,2026-03-08,Customer_450,Burger,Food,73308
4172,2026-01-13,Customer_245,Pasta,food,43164
4173,2026-03-29,Customer_676,Sandwich,Food,68328
4174,2026-04-07,,Pizza,Food,59435rs
4175,2026-03-28,Customer_724,Burger,Food,92970
4176,2026-04-25,Customer_586,Pasta,Food,13292
4177,2026-04-17,Customer_504,Burger,Food,7006
4178,2026-02-26,Customer_98,Fries,Food,N/A
4179,2026-03-16,Customer_55,Burger,Food,74799
4180,2026-03-12,Customer_602,Biryani,Food,1845
4181,2026-02-13,,Biryani,Food,37515rs
4182,2026-04-05,Customer_713,Fries,Food,40052
4183,2026-02-21,Customer_421,Biryani,Food,87399
4184,2026-04-30,Customer_54,Pasta,Food,38310
4185,2026-04-27,Customer_322,Burger,Food,55590rs
4186,2026-01-13,Customer_386,Roll,Food,51469
4187,2026-03-05,Customer_354,Biryani,Food,51475
4188,2026-04-23,Customer_509,Pasta,Food,96949
4189,2026-03-21,,Roll,Food,88101
4190,2026-02-07,Customer_536,Sandwich,Food,5145
4191,2026-01-17,Customer_557,Pizza,Food,49752
4192,2026-01-27,Customer_34,Pasta,Food,71393
4193,2026-01-05,Customer_147,Pasta,Food,39027
4194,2026-01-08,Customer_73,Roll,Food,38641
4195,2026-01-24,Customer_632,Pizza,Food,40677
4196,2026-04-22,Customer_686,Pizza,Food,93552
4197,2026-03-20,Customer_73,Fries,Food,45402
4198,2026-02-02,Customer_146,Biryani,Food,66694
4199,2026-03-06,Customer_394,Combo,Food,38785
4200,2026-03-17,Customer_242,Fries,Food,2266
4201,2026-03-09,Customer_28,,Food,57199
4202,2026-04-20,Customer_445,Combo,Food,26247
4203,2026-03-17,Customer_785,Pizza,Food,18773
4204,2026-02-01,Customer_17,Biryani,Food,29523
4205,2026-02-15,Customer_748,Biryani,Food,68151rs
4206,2026-04-15,Customer_116,Pizza,Food,25361
4207,2026-02-15,Customer_372,Pasta,Food,19909
4208,2026-04-15,Customer_612,Burger,Food,N/A
4209,2026-04-01,Customer_439,Sandwich,Food,49299
4210,2026-04-29,Customer_586,Pizza,Food,58704
4211,2026-03-16,Customer_607,Burger,Food,76002
4212,2026-02-23,Customer_138,Pizza,Food,11341
4213,2026-02-20,Customer_609,Combo,Food,38195
4214,2026-01-08,Customer_73,Pasta,Food,77562
4215,2026-01-31,Customer_198,Pizza,Food,79970
4216,2026-01-12,Customer_582,Pasta,Food,54395
4217,2026-01-20,Customer_532,Pizza,Food,42144
4218,2026-01-29,Customer_157,Roll,Food,7611
4219,2026-02-11,Customer_292,Biryani,Food,66054
4220,2026-04-18,Customer_207,Sandwich,Food,212
4221,2026-04-13,Customer_536,Pizza,Food,40573
4222,2026-02-19,Customer_250,Biryani,food,12525
4223,2026-02-23,Customer_49,Sandwich,Food,62340
4224,2026-03-21,Customer_52,Combo,food,43480
4225,2026-01-04,Customer_543,,Food,3858
4226,2026-02-12,Customer_326,Combo,Food,66304
4227,2026-04-19,Customer_476,Fries,Food,55606
4228,2026-04-28,Customer_116,Pizza,Food,62800
4229,2026-01-19,Customer_780,Pasta,Food,9158
4230,2026-03-12,Customer_144,Biryani,Food,21565
4231,2026-03-26,Customer_419,Roll,Food,81442
4232,2026-04-16,Customer_225,Pasta,Food,54746
4233,2026-04-17,Customer_656,Burger,Food,95079
4234,2026-03-11,Customer_742,Biryani,Food,N/A
4235,2026-02-07,Customer_15,Biryani,Food,5839
4236,2026-01-31,Customer_487,Roll,Food,53162
4237,2026-04-17,Customer_613,Roll,Food,81167
4238,2026-03-22,Customer_394,Combo,Food,71841
4239,2026-03-01,Customer_448,,Food,11463
4240,2026-02-08,Customer_37,Burger,Food,87613
4241,2026-03-03,Customer_478,Pizza,Food,80654
4242,2026-04-18,Customer_251,Fries,Food,35438
4243,2026-02-13,Customer_623,Burger,food,88122
4244,2026-04-06,Customer_143,Combo,Food,91844
4245,2026-03-19,Customer_756,Roll,Food,80449
4246,2026-02-25,Customer_535,Fries,Food,44325
4247,2026-03-31,Customer_639,Combo,Food,22884
4248,2026-01-04,Customer_650,Pasta,Food,70738
4249,2026-04-29,Customer_784,Fries,food,23902rs
4250,2026-01-26,Customer_702,Fries,Food,51160
4251,2026-01-27,Customer_135,Roll,Food,14315rs
4252,2026-04-04,Customer_473,Fries,Food,60456
4253,2026-01-21,Customer_788,Sandwich,Food,63046
4254,2026-02-19,Customer_272,Pizza,Food,46240
4255,2026-02-22,Customer_136,Biryani,Food,N/A
4256,2026-02-16,Customer_146,Fries,Food,22425
4257,2026-01-27,Customer_370,Fries,Food,97380
4258,2026-03-08,Customer_227,Fries,Food,95659
4259,2026-03-14,Customer_573,Combo,food,12700
4260,2026-03-30,Customer_797,Combo,Food,43334
4261,2026-02-26,Customer_495,Sandwich,Food,70245
4262,2026-03-11,Customer_81,Roll,Food,67258
4263,2026-03-03,Customer_423,Pizza,Food,59031
4264,2026-04-15,Customer_147,Combo,Food,60191
4265,2026-03-15,Customer_290,Biryani,Food,46031
4266,2026-04-05,Customer_588,Fries,Food,48246
4267,2026-04-17,Customer_204,Burger,Food,20433
4268,2026-01-12,Customer_9,Fries,Food,88551
4269,2026-01-08,Customer_532,Pizza,Food,51796
4270,2026-03-06,Customer_427,Pasta,Food,34057
4271,2026-03-15,Customer_307,Combo,Food,66973
4272,2026-03-13,Customer_669,Fries,Food,86423
4273,2026-04-28,Customer_14,Roll,Food,54145
4274,2026-02-23,,Combo,Food,29294
4275,2026-02-08,Customer_735,Biryani,Food,48525
4276,2026-03-03,Customer_289,Combo,Food,81965
4277,2026-03-29,Customer_210,Roll,Food,69769
4278,2026-03-01,Customer_327,Sandwich,Food,N/A
4279,2026-02-01,Customer_242,Sandwich,Food,49419
4280,2026-04-23,Customer_690,Sandwich,Food,1145
4281,2026-04-14,Customer_165,Burger,Food,76071
4282,2026-02-22,Customer_550,Burger,Food,61922
4283,2026-01-22,Customer_127,Burger,Food,1869
4284,2026-03-05,Customer_185,Pasta,Food,41882
4285,2026-01-11,Customer_689,Pizza,Food,97518
4286,2026-01-29,Customer_704,Burger,Food,76193
4287,2026-02-24,Customer_520,Burger,Food,42950
4288,2026-02-06,Customer_218,Pizza,Food,15573
4289,2026-02-17,Customer_274,Pizza,Food,19691
4290,2026-03-22,Customer_298,Roll,Food,10416
4291,2026-02-03,Customer_15,Burger,Food,12520
4292,2026-02-23,Customer_664,Fries,Food,92846
4293,2026-02-24,Customer_555,Fries,Food,47307
4294,2026-01-24,Customer_767,Fries,Food,10770
4295,2026-02-06,Customer_343,Combo,Food,55662
4296,2026-04-04,Customer_46,Sandwich,Food,23765
4297,2026-01-28,,Roll,Food,59771
4298,2026-04-06,Customer_229,Fries,Food,89209
4299,2026-04-17,Customer_260,Burger,Food,87216
4300,2026-02-10,Customer_146,Sandwich,Food,20799rs
4301,2026-02-10,Customer_483,Pasta,Food,271
4302,2026-02-15,Customer_13,Sandwich,Food,N/A
4303,2026-04-01,Customer_570,Fries,Food,80368
4304,2026-04-23,Customer_66,Pasta,Food,59579
4305,2026-04-01,Customer_465,Pasta,Food,86829
4306,2026-04-07,Customer_104,Burger,Food,4230
4307,2026-02-20,Customer_578,Pizza,Food,35958
4308,2026-03-02,Customer_363,Sandwich,food,30166
4309,2026-04-22,Customer_415,Roll,Food,73766
4310,2026-04-29,Customer_418,Burger,Food,62293
4311,2026-02-20,Customer_674,Pasta,Food,17747
4312,2026-03-06,Customer_599,Biryani,Food,47576
4313,2026-01-04,Customer_674,Pasta,Food,91403
4314,2026-02-26,,Pasta,Food,12774
4315,2026-02-03,Customer_381,Fries,Food,24128
4316,2026-01-06,,Burger,Food,N/A
4317,2026-03-30,Customer_510,Pasta,Food,3908
4318,2026-01-12,Customer_33,,food,18124rs
4319,2026-03-05,Customer_767,Fries,Food,26749
4320,2026-02-15,,Fries,Food,N/A
4321,2026-01-20,Customer_75,Biryani,Food,N/A
4322,2026-04-22,,,Food,85707
4323,2026-01-30,Customer_639,Biryani,Food,95753rs
4324,2026-03-26,Customer_104,Combo,Food,28039
4325,2026-01-23,Customer_635,,Food,45066
4326,2026-01-02,Customer_687,Roll,Food,29864
4327,2026-01-30,Customer_480,Sandwich,Food,99034
4328,2026-02-13,Customer_31,Biryani,Food,N/A
4329,2026-05-01,Customer_549,Burger,Food,63426
4330,2026-01-28,Customer_194,Sandwich,Food,49465
4331,2026-02-25,Customer_52,Roll,Food,45541
4332,2026-04-20,Customer_98,Burger,Food,87833
4333,2026-03-21,Customer_5,Combo,Food,35702
4334,2026-03-07,Customer_359,Fries,Food,83009
4335,2026-03-30,Customer_488,Sandwich,Food,8922
4336,2026-01-01,Customer_690,Pizza,Food,60717rs
4337,2026-03-09,Customer_7,Sandwich,Food,44346rs
4338,2026-02-03,Customer_12,Sandwich,Food,4933
4339,2026-01-30,Customer_326,Fries,Food,72430
4340,2026-01-30,Customer_155,Combo,Food,N/A
4341,2026-04-12,,Roll,Food,61765
4342,2026-03-20,Customer_163,Burger,Food,N/A
4343,2026-01-21,Customer_627,Fries,Food,52211
4344,2026-04-20,Customer_327,Pasta,food,32583
4345,2026-03-08,,Pizza,Food,50476
4346,2026-03-22,Customer_300,Sandwich,Food,68683
4347,2026-02-13,Customer_465,Pizza,Food,23890
4348,2026-02-21,Customer_109,Pizza,Food,87569
4349,2026-04-21,Customer_640,,Food,29935
4350,2026-03-08,Customer_509,Burger,Food,58197
4351,2026-04-11,Customer_230,Biryani,Food,72149
4352,2026-02-13,Customer_460,Combo,Food,76341
4353,2026-01-23,Customer_448,Pasta,Food,87793
4354,2026-01-03,Customer_732,Burger,Food,24494
4355,2026-03-24,Customer_626,Fries,food,42768rs
4356,2026-01-26,Customer_576,Roll,Food,49335
4357,2026-03-17,Customer_516,Pasta,Food,96587
4358,2026-03-11,Customer_346,Pasta,food,94837
4359,2026-04-08,Customer_799,Sandwich,Food,52558
4360,2026-03-03,Customer_54,Pizza,Food,47415
4361,2026-04-18,Customer_475,Pasta,Food,60991
4362,2026-04-18,Customer_418,Burger,Food,30834
4363,2026-04-03,Customer_247,Burger,food,42681
4364,2026-03-31,,Pasta,Food,64511
4365,2026-04-03,Customer_28,Roll,Food,93440
4366,2026-01-18,Customer_594,Biryani,Food,5480
4367,2026-01-14,Customer_607,Fries,Food,85935
4368,2026-01-02,Customer_678,Pasta,Food,3471
4369,2026-01-06,Customer_272,Burger,Food,65196
4370,2026-01-02,Customer_290,Pizza,Food,27140
4371,2026-04-16,Customer_204,Roll,Food,82124rs
4372,2026-04-25,Customer_183,Roll,Food,48642
4373,2026-01-21,Customer_151,Fries,food,84549
4374,2026-02-20,,Fries,Food,3483
4375,2026-03-16,Customer_195,Combo,Food,46371
4376,2026-02-06,Customer_107,Roll,Food,40457
4377,2026-04-26,Customer_790,Biryani,Food,92617
4378,2026-02-20,Customer_567,Pasta,Food,12181
4379,2026-04-27,Customer_743,Biryani,Food,24736
4380,2026-03-12,,Pizza,Food,29925
4381,2026-01-04,Customer_140,Pizza,Food,N/A
4382,2026-02-20,Customer_749,Pizza,food,13904
4383,2026-04-19,Customer_456,Biryani,Food,8867
4384,2026-02-06,Customer_500,Burger,Food,50932
4385,2026-04-03,Customer_467,Roll,Food,36997
4386,2026-03-01,Customer_737,Pasta,Food,86813
4387,2026-01-04,Customer_335,Pasta,Food,79247
4388,2026-01-07,Customer_159,Burger,food,77153
4389,2026-04-16,Customer_725,Biryani,Food,N/A
4390,2026-03-08,Customer_612,Pizza,Food,19728
4391,2026-03-02,Customer_84,Biryani,Food,47144
4392,2026-01-22,Customer_530,Biryani,Food,37114
4393,2026-01-06,Customer_128,Combo,Food,54941
4394,2026-03-08,Customer_108,Biryani,Food,32510
4395,2026-04-08,,Sandwich,Food,89926
4396,2026-03-12,Customer_410,Combo,Food,2204
4397,2026-04-11,Customer_195,Pasta,Food,2175
4398,2026-03-26,Customer_408,Combo,Food,39708
4399,2026-03-21,Customer_532,,Food,12338
4400,2026-03-03,Customer_286,Roll,Food,48854
4401,2026-01-27,Customer_99,,Food,40432
4402,2026-01-24,Customer_112,Roll,Food,92865
4403,2026-01-18,,Roll,Food,8115rs
4404,2026-01-25,Customer_68,Burger,Food,13783
4405,2026-02-07,,Fries,Food,36069
4406,2026-01-01,Customer_121,Pizza,Food,73848
4407,2026-01-03,Customer_194,Fries,Food,8003
4408,2026-01-08,,Burger,food,19381
4409,2026-03-12,Customer_215,Sandwich,Food,88549
4410,2026-04-16,Customer_475,Combo,Food,40952rs
4411,2026-04-29,Customer_528,Pasta,Food,29225
4412,2026-04-21,Customer_322,,Food,19764
4413,2026-03-16,Customer_291,Biryani,Food,55950
4414,2026-01-18,Customer_145,Pizza,Food,40218
4415,2026-03-26,Customer_698,Fries,Food,86978
4416,2026-01-20,Customer_1,Fries,Food,45460rs
4417,2026-04-03,Customer_171,Pizza,Food,18424
4418,2026-05-01,Customer_433,Pizza,Food,59698rs
4419,2026-04-09,Customer_281,Sandwich,Food,12020
4420,2026-01-26,Customer_615,Pizza,Food,17089
4421,2026-02-03,Customer_331,Pizza,Food,27660
4422,2026-02-27,Customer_544,Roll,Food,8091
4423,2026-02-17,Customer_557,Roll,Food,56308
4424,2026-01-21,Customer_295,Fries,Food,60145
4425,2026-04-18,Customer_296,Biryani,Food,63633
4426,2026-03-13,,Pasta,Food,67932
4427,2026-01-22,Customer_359,,Food,45989
4428,2026-04-12,Customer_604,Combo,Food,88728
4429,2026-05-01,Customer_548,Burger,Food,65682
4430,2026-02-28,,Pasta,Food,67599
4431,2026-04-17,Customer_731,Burger,Food,688
4432,2026-03-29,Customer_93,Burger,food,44571
4433,2026-02-08,Customer_34,Sandwich,Food,68617
4434,2026-01-12,Customer_40,Pizza,Food,94669
4435,2026-01-02,Customer_244,Pasta,Food,58999
4436,2026-04-11,Customer_385,Combo,Food,66508
4437,2026-02-13,Customer_413,Biryani,Food,74733
4438,2026-04-12,Customer_732,Fries,Food,N/A
4439,2026-04-12,Customer_649,Fries,Food,27087
4440,2026-02-24,Customer_726,Roll,Food,2150
4441,2026-03-06,,Roll,Food,N/A
4442,2026-04-01,Customer_190,Burger,Food,61906
4443,2026-01-15,Customer_162,Biryani,Food,43042
4444,2026-01-08,Customer_582,Burger,Food,31514
4445,2026-02-24,Customer_460,Burger,food,41612
4446,2026-02-06,Customer_357,Burger,Food,96778
4447,2026-04-10,Customer_395,Pasta,Food,82427
4448,2026-01-03,Customer_371,Biryani,Food,42731
4449,2026-04-17,Customer_10,Pizza,Food,80638
4450,2026-04-10,Customer_54,Pasta,Food,69438
4451,2026-04-30,Customer_56,Fries,Food,65789
4452,2026-03-05,Customer_14,Combo,Food,34347
4453,2026-01-15,Customer_237,Fries,Food,29260
4454,2026-02-27,Customer_770,Roll,Food,48893
4455,2026-01-14,Customer_718,Pasta,Food,6204
4456,2026-02-05,,Pasta,Food,39428
4457,2026-03-02,Customer_544,Fries,Food,51471
4458,2026-04-07,Customer_528,Pasta,Food,77965
4459,2026-04-05,,Sandwich,food,67275
4460,2026-02-02,Customer_648,Sandwich,Food,77934
4461,2026-02-08,Customer_325,Fries,Food,95594
4462,2026-02-14,Customer_751,Sandwich,Food,86044
4463,2026-03-07,Customer_396,Pizza,Food,30324
4464,2026-04-27,Customer_647,,Food,41258
4465,2026-02-04,Customer_776,Burger,Food,5817
4466,2026-02-28,Customer_713,Burger,Food,95679
4467,2026-05-01,Customer_88,Burger,Food,74656
4468,2026-02-22,Customer_242,Pizza,Food,39379
4469,2026-04-28,Customer_377,Burger,Food,69434
4470,2026-01-24,Customer_43,Roll,Food,78600
4471,2026-04-07,Customer_164,Combo,Food,13677
4472,2026-04-05,Customer_304,Biryani,Food,78782
4473,2026-02-02,Customer_286,Fries,Food,73059
4474,2026-03-17,Customer_286,Pasta,Food,49041
4475,2026-01-15,Customer_626,Pizza,Food,4017
4476,2026-04-27,Customer_191,Fries,Food,6273
4477,2026-01-24,Customer_466,Biryani,Food,79401
4478,2026-03-03,Customer_567,Burger,Food,84524
4479,2026-01-16,Customer_303,Pizza,Food,26043
4480,2026-04-20,Customer_184,Sandwich,Food,44923
4481,2026-03-30,Customer_503,Pasta,Food,88191
4482,2026-03-20,Customer_127,,Food,3077
4483,2026-01-06,Customer_80,Fries,Food,24774
4484,2026-03-15,Customer_162,Combo,Food,13957
4485,2026-02-01,Customer_301,Pizza,Food,56333
4486,2026-03-20,,Combo,food,37576
4487,2026-03-31,Customer_607,Sandwich,Food,60396
4488,2026-03-11,Customer_391,Fries,Food,86416
4489,2026-04-07,Customer_119,Sandwich,Food,N/A
4490,2026-02-27,Customer_339,,Food,N/A
4491,2026-04-05,Customer_236,Biryani,Food,52430
4492,2026-01-11,Customer_473,Pasta,Food,46480
4493,2026-01-08,Customer_202,Pasta,Food,24263
4494,2026-04-09,Customer_269,Combo,Food,19607
4495,2026-01-06,Customer_373,Burger,Food,31120
4496,2026-04-15,Customer_77,Pasta,Food,55810
4497,2026-03-18,Customer_459,Fries,Food,71634
4498,2026-02-03,Customer_268,Pasta,Food,71466
4499,2026-03-19,Customer_53,Pizza,Food,91274
4500,2026-04-10,Customer_775,Biryani,Food,74362
4501,2026-01-18,Customer_511,Burger,Food,98100
4502,2026-02-14,Customer_229,Biryani,Food,94202
4503,2026-01-22,Customer_261,Pizza,Food,49942
4504,2026-01-31,Customer_599,Pasta,Food,55207
4505,2026-03-10,Customer_472,Fries,Food,22271
4506,2026-04-15,Customer_17,Combo,Food,61542
4507,2026-02-18,Customer_662,Burger,Food,53294
4508,2026-01-09,Customer_289,Fries,Food,74080
4509,2026-03-11,Customer_38,Pizza,Food,N/A
4510,2026-02-23,Customer_415,Pizza,Food,11709
4511,2026-03-10,Customer_758,Sandwich,Food,51994
4512,2026-03-03,,Burger,food,50616
4513,2026-03-17,Customer_310,Biryani,Food,68954
4514,2026-03-01,Customer_179,Combo,Food,15584
4515,2026-03-02,Customer_282,Fries,food,3097
4516,2026-01-13,Customer_112,Fries,Food,38713
4517,2026-02-25,Customer_286,Pasta,Food,9389
4518,2026-02-10,Customer_214,Sandwich,Food,69899
4519,2026-04-29,Customer_122,Fries,Food,N/A
4520,2026-02-13,Customer_137,,Food,75266
4521,2026-01-09,Customer_480,Biryani,Food,3973
4522,2026-01-31,Customer_91,Roll,Food,43972
4523,2026-04-24,Customer_759,Sandwich,Food,37885
4524,2026-02-08,Customer_584,Combo,Food,91313rs
4525,2026-02-11,Customer_127,Burger,Food,70880
4526,2026-04-06,Customer_397,Biryani,Food,46231
4527,2026-01-20,Customer_378,Pizza,Food,26850
4528,2026-03-02,Customer_629,Combo,Food,12456
4529,2026-05-01,Customer_427,,Food,1576
4530,2026-01-22,Customer_334,Sandwich,Food,12018
4531,2026-03-30,Customer_601,Fries,Food,93302
4532,2026-03-16,Customer_500,Pizza,Food,17240
4533,2026-04-03,Customer_756,Pizza,Food,N/A
4534,2026-04-05,Customer_110,Pasta,Food,44555
4535,2026-01-12,Customer_452,Fries,Food,36953rs
4536,2026-02-13,Customer_89,Fries,Food,17733
4537,2026-04-13,,Burger,Food,65570
4538,2026-03-21,Customer_307,Biryani,Food,69577
4539,2026-03-28,Customer_636,Pasta,Food,37605
4540,2026-04-17,Customer_345,Burger,Food,3500
4541,2026-03-03,Customer_363,Pizza,Food,27237
4542,2026-02-19,Customer_64,Sandwich,Food,75223
4543,2026-03-24,Customer_672,Pasta,Food,35898
4544,2026-03-23,Customer_55,Combo,Food,11244
4545,2026-03-03,Customer_576,Sandwich,Food,2591
4546,2026-03-14,Customer_100,Combo,Food,11751
4547,2026-01-12,Customer_184,Sandwich,Food,43832
4548,2026-01-02,Customer_383,Pasta,Food,14251
4549,2026-02-24,Customer_70,Burger,Food,85793
4550,2026-01-16,Customer_53,Combo,Food,31154rs
4551,2026-03-18,Customer_662,Pasta,Food,3730
4552,2026-02-15,,Biryani,Food,56639
4553,2026-02-17,Customer_489,Roll,Food,71199
4554,2026-03-17,Customer_39,Burger,Food,43876
4555,2026-02-24,Customer_281,Biryani,Food,28295
4556,2026-01-20,Customer_472,Sandwich,Food,79096
4557,2026-01-10,Customer_423,Pizza,Food,30958
4558,2026-01-07,Customer_22,Pizza,Food,61118
4559,2026-03-28,Customer_441,Combo,Food,22132
4560,2026-04-06,Customer_136,Fries,Food,11644
4561,2026-01-31,Customer_395,Pasta,Food,32485
4562,2026-02-21,Customer_354,Combo,Food,63917
4563,2026-02-22,Customer_645,Biryani,Food,42645
4564,2026-03-29,Customer_361,Sandwich,Food,39352
4565,2026-01-09,Customer_767,Roll,Food,2509
4566,2026-02-06,Customer_603,Biryani,Food,5667rs
4567,2026-03-25,Customer_209,Fries,Food,49559rs
4568,2026-01-07,Customer_214,Burger,Food,58496
4569,2026-04-12,Customer_367,Roll,Food,89591
4570,2026-04-07,Customer_328,Roll,Food,78710
4571,2026-02-02,Customer_324,Pizza,Food,51082
4572,2026-01-30,Customer_539,Biryani,Food,25636
4573,2026-04-27,Customer_221,Pizza,food,69390
4574,2026-04-06,Customer_785,Biryani,Food,48240rs
4575,2026-03-30,Customer_622,Pasta,Food,80076
4576,2026-01-08,Customer_603,Pizza,Food,52801
4577,2026-04-20,Customer_701,Sandwich,Food,84010
4578,2026-02-25,Customer_404,Roll,Food,87427
4579,2026-04-07,Customer_97,Roll,Food,26527
4580,2026-04-12,Customer_796,Roll,Food,6098
4581,2026-02-20,Customer_756,Sandwich,Food,11884
4582,2026-02-25,Customer_299,Pizza,Food,N/A
4583,2026-02-15,Customer_96,Pizza,Food,N/Ars
4584,2026-03-15,Customer_701,Roll,Food,96470
4585,2026-04-10,Customer_229,,Food,6151
4586,2026-04-21,Customer_296,Combo,Food,36800
4587,2026-03-27,Customer_277,Roll,Food,19922
4588,2026-03-05,Customer_758,Burger,Food,79360
4589,2026-04-26,Customer_750,Burger,Food,29384
4590,2026-04-13,Customer_429,Sandwich,Food,73312
4591,2026-03-13,Customer_407,Roll,Food,82344
4592,2026-01-14,Customer_196,Burger,Food,80186
4593,2026-02-18,,Burger,Food,55937
4594,2026-01-19,Customer_119,Burger,Food,42728
4595,2026-01-10,Customer_775,Burger,Food,86503
4596,2026-01-31,Customer_460,Sandwich,Food,58849
4597,2026-03-16,Customer_570,Biryani,Food,92458
4598,2026-01-30,Customer_149,Pasta,Food,80437
4599,2026-02-21,Customer_187,Fries,Food,22513
4600,2026-03-21,Customer_742,Pasta,Food,25776
4601,2026-03-01,Customer_238,Biryani,Food,15987rs
4602,2026-04-30,Customer_304,Pizza,Food,19883
4603,2026-04-14,Customer_10,Pasta,Food,12760
4604,2026-04-24,Customer_43,Pizza,Food,28947
4605,2026-03-24,Customer_747,Pizza,Food,51569
4606,2026-01-03,Customer_592,Burger,Food,11537
4607,2026-04-12,Customer_754,Pizza,Food,12261
4608,2026-04-19,Customer_298,Roll,Food,21949
4609,2026-03-18,Customer_696,Burger,food,20538
4610,2026-02-27,,Sandwich,Food,42795
4611,2026-04-29,Customer_357,Pasta,Food,40933
4612,2026-01-26,Customer_417,Biryani,Food,91127
4613,2026-04-13,Customer_539,Biryani,Food,34648
4614,2026-01-10,Customer_604,Pizza,Food,78073rs
4615,2026-04-03,Customer_190,Biryani,Food,96166
4616,2026-01-24,Customer_751,Roll,Food,24462
4617,2026-03-17,Customer_589,,Food,15237
4618,2026-04-09,Customer_701,Fries,Food,14960
4619,2026-02-20,Customer_339,Burger,Food,7614
4620,2026-04-28,Customer_688,Combo,Food,67133
4621,2026-04-11,Customer_52,Combo,food,27031
4622,2026-03-10,Customer_697,Pasta,Food,95177
4623,2026-02-06,Customer_666,Pizza,Food,16361
4624,2026-03-10,Customer_485,Sandwich,Food,40091
4625,2026-01-14,,Roll,food,24929
4626,2026-04-05,Customer_6,Fries,Food,6004
4627,2026-02-12,Customer_716,Fries,Food,9959
4628,2026-03-29,Customer_528,Pizza,Food,98531
4629,2026-05-01,Customer_99,Biryani,Food,41876
4630,2026-04-27,Customer_773,Burger,Food,10019
4631,2026-02-12,Customer_663,Combo,Food,18192
4632,2026-01-06,Customer_118,Fries,Food,49379
4633,2026-03-09,Customer_403,Fries,Food,77168
4634,2026-02-07,Customer_645,Sandwich,Food,9016
4635,2026-03-01,Customer_227,Roll,Food,30697
4636,2026-01-16,Customer_539,Fries,Food,48569
4637,2026-01-05,Customer_159,Fries,Food,73401
4638,2026-01-13,Customer_490,Sandwich,Food,29641
4639,2026-04-28,Customer_278,Roll,Food,58078
4640,2026-03-22,Customer_603,Burger,Food,6125
4641,2026-02-22,Customer_581,Pasta,Food,14396
4642,2026-01-11,Customer_575,Sandwich,Food,64562
4643,2026-03-07,Customer_733,Combo,Food,87337
4644,2026-01-04,Customer_158,Combo,Food,17575
4645,2026-02-24,Customer_631,Roll,Food,76062
4646,2026-04-05,Customer_776,Biryani,Food,41863
4647,2026-02-12,Customer_318,Roll,Food,55185
4648,2026-03-23,,Pasta,Food,35609
4649,2026-04-23,Customer_10,Sandwich,Food,94907
4650,2026-04-15,Customer_119,,food,32036
4651,2026-03-06,,Sandwich,Food,11865
4652,2026-04-27,Customer_799,Sandwich,Food,64111
4653,2026-03-31,Customer_637,Sandwich,Food,48400
4654,2026-05-01,Customer_636,Pasta,Food,82122
4655,2026-03-25,Customer_231,Roll,Food,N/A
4656,2026-02-01,Customer_161,Pasta,Food,37685
4657,2026-03-16,Customer_371,Pasta,food,9638
4658,2026-04-01,Customer_273,Pizza,Food,3277
4659,2026-03-13,Customer_371,Pizza,Food,94239
4660,2026-01-04,Customer_36,Combo,Food,14251
4661,2026-01-25,Customer_411,Pasta,Food,41355
4662,2026-03-05,Customer_415,Pizza,Food,65529
4663,2026-01-03,Customer_454,Burger,Food,66237
4664,2026-02-01,Customer_745,Roll,Food,58393
4665,2026-04-14,Customer_682,Biryani,Food,47826
4666,2026-01-16,Customer_33,Pizza,Food,N/A
4667,2026-03-31,Customer_628,Pasta,Food,76273
4668,2026-03-30,Customer_237,Sandwich,Food,90316
4669,2026-02-19,Customer_185,Pizza,Food,29709
4670,2026-03-20,Customer_258,,Food,988
4671,2026-01-19,Customer_214,Combo,Food,83409
4672,2026-03-23,Customer_273,Roll,Food,68873
4673,2026-03-07,Customer_151,Burger,Food,52929
4674,2026-04-23,Customer_3,Burger,Food,3308
4675,2026-03-31,Customer_750,Biryani,Food,53538
4676,2026-04-01,Customer_52,Biryani,Food,74784
4677,2026-02-13,Customer_207,Combo,Food,32656
4678,2026-04-15,Customer_383,Biryani,Food,31492
4679,2026-03-09,Customer_20,Biryani,Food,20761
4680,2026-04-25,Customer_595,Sandwich,Food,N/A
4681,2026-04-03,,Combo,Food,59633
4682,2026-02-26,Customer_154,Fries,Food,22106
4683,2026-02-21,Customer_520,Sandwich,Food,41398
4684,2026-01-07,Customer_540,Sandwich,Food,67990
4685,2026-02-11,Customer_754,Pasta,Food,17090
4686,2026-01-18,Customer_91,Pizza,Food,37719
4687,2026-03-26,Customer_271,Fries,Food,N/A
4688,2026-02-03,Customer_571,Combo,Food,17553
4689,2026-01-20,Customer_674,Pasta,Food,55345
4690,2026-03-26,Customer_402,Roll,Food,50213
4691,2026-04-19,Customer_403,Pizza,Food,78602
4692,2026-02-10,Customer_644,Pizza,Food,86848
4693,2026-03-03,Customer_393,Combo,Food,95192
4694,2026-02-04,Customer_294,Roll,Food,58595
4695,2026-03-24,Customer_18,Biryani,Food,18528
4696,2026-01-25,Customer_618,Sandwich,Food,85043
4697,2026-01-02,Customer_693,Fries,Food,39274
4698,2026-02-18,Customer_645,Pizza,Food,97456
4699,2026-01-18,Customer_786,Roll,Food,65357
4700,2026-04-13,Customer_245,Fries,Food,56748
4701,2026-01-25,Customer_379,Pizza,Food,57178
4702,2026-03-26,Customer_562,Pasta,Food,62896
4703,2026-04-13,,Pasta,Food,47811
4704,2026-03-21,Customer_721,Roll,Food,63573rs
4705,2026-04-14,Customer_55,Combo,Food,3993
4706,2026-02-24,Customer_401,Fries,Food,36335
4707,2026-01-31,Customer_277,Roll,Food,50946
4708,2026-02-05,Customer_643,Biryani,Food,33790
4709,2026-02-20,Customer_342,Burger,Food,75936
4710,2026-02-27,Customer_527,Burger,Food,17012
4711,2026-01-18,Customer_422,Pasta,Food,14326
4712,2026-02-08,Customer_468,Burger,Food,94171
4713,2026-02-24,Customer_349,Combo,Food,27309
4714,2026-04-02,Customer_401,Fries,Food,80254
4715,2026-03-11,Customer_692,Sandwich,Food,65358
4716,2026-04-01,Customer_739,Combo,Food,54147
4717,2026-04-12,Customer_118,Fries,Food,87367
4718,2026-02-19,Customer_136,Pizza,Food,5998
4719,2026-02-21,Customer_318,Roll,Food,51499
4720,2026-03-08,Customer_765,Roll,Food,76442
4721,2026-01-28,Customer_364,Biryani,Food,21830
4722,2026-02-06,Customer_79,Combo,Food,84587
4723,2026-01-27,Customer_90,Pizza,Food,80455
4724,2026-04-21,,Combo,Food,46301
4725,2026-03-04,Customer_580,Sandwich,Food,23243
4726,2026-04-17,Customer_340,Pasta,Food,46102
4727,2026-02-22,Customer_452,Sandwich,Food,45092
4728,2026-03-19,Customer_780,Sandwich,Food,76274
4729,2026-03-13,,Pizza,Food,42028
4730,2026-01-17,Customer_333,Roll,Food,83273
4731,2026-01-24,Customer_598,Pasta,Food,29925
4732,2026-02-02,Customer_539,Pizza,Food,41390
4733,2026-01-07,Customer_147,Sandwich,Food,66210
4734,2026-04-09,Customer_231,Roll,Food,92206
4735,2026-01-30,Customer_686,Pizza,Food,58254
4736,2026-03-09,Customer_319,Sandwich,Food,85955
4737,2026-04-15,Customer_267,Roll,Food,73377
4738,2026-03-27,Customer_646,Pasta,Food,36443
4739,2026-03-08,Customer_153,Roll,Food,41786
4740,2026-04-01,Customer_529,Burger,Food,39220
4741,2026-03-27,Customer_778,Burger,Food,36951
4742,2026-02-19,Customer_568,Biryani,Food,8672
4743,2026-04-08,Customer_57,Sandwich,Food,36917rs
4744,2026-03-01,,Pizza,Food,69879
4745,2026-03-07,Customer_596,Pizza,Food,29909
4746,2026-01-15,Customer_530,,Food,74516
4747,2026-04-09,Customer_113,Fries,Food,22405
4748,2026-02-11,Customer_157,Pizza,Food,7710
4749,2026-03-21,Customer_503,Burger,Food,37725
4750,2026-04-11,Customer_394,Pizza,Food,99524
4751,2026-04-03,Customer_772,Pasta,Food,22286
4752,2026-01-24,Customer_400,Pizza,Food,18431
4753,2026-03-02,Customer_769,Pizza,Food,N/Ars
4754,2026-02-21,Customer_67,Biryani,food,18253
4755,2026-03-02,Customer_3,Roll,Food,67258
4756,2026-02-20,Customer_177,Burger,Food,81782
4757,2026-04-19,Customer_556,Sandwich,Food,49152
4758,2026-03-18,Customer_244,Burger,Food,53679
4759,2026-04-21,Customer_331,Fries,Food,56255
4760,2026-03-02,Customer_574,Fries,Food,30142
4761,2026-02-06,Customer_598,Burger,Food,19477
4762,2026-03-17,Customer_762,Fries,Food,61738
4763,2026-01-03,Customer_650,Burger,Food,19415
4764,2026-04-29,Customer_502,Combo,Food,78303
4765,2026-02-07,Customer_595,Biryani,Food,42326
4766,2026-04-09,Customer_505,Pizza,Food,49711
4767,2026-02-11,Customer_308,Roll,Food,24674
4768,2026-01-22,Customer_690,Sandwich,Food,64838
4769,2026-04-12,Customer_227,Roll,Food,25662
4770,2026-04-11,Customer_162,Pasta,Food,11483
4771,2026-03-27,Customer_545,Biryani,food,22008
4772,2026-03-04,Customer_561,Fries,Food,61008
4773,2026-01-10,Customer_786,Pizza,Food,N/A
4774,2026-02-01,Customer_476,Pasta,Food,9908rs
4775,2026-04-05,Customer_743,Fries,Food,44798
4776,2026-04-09,Customer_301,Sandwich,Food,25970rs
4777,2026-03-22,Customer_483,Pasta,Food,56945rs
4778,2026-02-25,Customer_598,Pizza,Food,40492
4779,2026-01-09,Customer_638,Pizza,food,45675
4780,2026-03-04,Customer_401,Combo,Food,99430
4781,2026-04-24,Customer_759,Biryani,Food,33972
4782,2026-03-22,Customer_466,Roll,Food,10921
4783,2026-01-11,Customer_363,Roll,Food,72270
4784,2026-04-28,Customer_666,Combo,Food,74681
4785,2026-04-29,Customer_310,Sandwich,Food,98915
4786,2026-01-27,Customer_646,Sandwich,Food,38837
4787,2026-04-16,Customer_781,Roll,Food,77037
4788,2026-02-22,Customer_485,Roll,Food,N/A
4789,2026-04-21,Customer_705,Biryani,Food,98866
4790,2026-04-06,Customer_500,Fries,food,60672
4791,2026-04-26,Customer_521,Sandwich,Food,34575
4792,2026-03-10,Customer_493,Biryani,Food,N/A
4793,2026-02-16,Customer_197,Pizza,Food,9700
4794,2026-03-22,Customer_405,Roll,Food,79758
4795,2026-02-08,Customer_307,Roll,Food,72138
4796,2026-01-24,Customer_182,Sandwich,Food,50643
4797,2026-01-30,Customer_515,Roll,Food,16957
4798,2026-02-26,Customer_443,Biryani,Food,4530
4799,2026-03-02,Customer_720,Sandwich,Food,86687
4800,2026-02-14,Customer_572,Fries,Food,6946rs
4801,2026-04-25,Customer_659,Combo,Food,25002
4802,2026-03-15,Customer_200,Pasta,Food,70986
4803,2026-01-28,Customer_71,Sandwich,Food,96270
4804,2026-04-26,Customer_342,Roll,Food,12276
4805,2026-02-19,Customer_600,Burger,Food,8722
4806,2026-02-15,,,Food,92031
4807,2026-03-24,Customer_716,Sandwich,Food,9227
4808,2026-02-20,Customer_4,Pasta,food,54527
4809,2026-04-05,,Combo,food,65691
4810,2026-04-26,Customer_292,Fries,Food,47860
4811,2026-03-25,Customer_156,Combo,Food,33364
4812,2026-04-20,,Burger,Food,47639
4813,2026-03-13,Customer_308,Fries,Food,36287
4814,2026-04-23,Customer_37,Biryani,Food,53778
4815,2026-03-26,Customer_401,Biryani,Food,16014
4816,2026-02-27,Customer_552,Fries,Food,N/A
4817,2026-01-07,Customer_602,Roll,Food,96935
4818,2026-01-29,Customer_228,Fries,Food,4074
4819,2026-03-06,Customer_740,Pasta,Food,38878
4820,2026-03-23,Customer_443,Sandwich,Food,51132
4821,2026-02-25,Customer_599,Biryani,Food,98414
4822,2026-02-06,Customer_433,Fries,Food,5787
4823,2026-02-06,Customer_192,Fries,Food,66815
4824,2026-03-11,,Biryani,Food,64475
4825,2026-01-14,Customer_644,Roll,Food,N/A
4826,2026-03-17,Customer_263,Biryani,Food,95205
4827,2026-04-08,Customer_314,Fries,Food,27224
4828,2026-04-30,Customer_242,Burger,Food,53673rs
4829,2026-04-06,Customer_514,Pasta,Food,42725
4830,2026-02-03,Customer_520,Fries,Food,8243
4831,2026-04-24,Customer_726,Combo,Food,23461
4832,2026-01-23,Customer_131,Combo,Food,36802
4833,2026-04-15,Customer_216,Sandwich,Food,20565
4834,2026-01-25,Customer_645,Roll,Food,54913
4835,2026-02-24,Customer_74,Biryani,Food,68226
4836,2026-04-25,,Burger,Food,53842
4837,2026-02-26,Customer_130,Biryani,Food,11789
4838,2026-03-10,Customer_771,Sandwich,Food,56341
4839,2026-01-12,Customer_12,Pasta,Food,38054
4840,2026-04-02,Customer_751,Pasta,Food,87608
4841,2026-03-17,Customer_756,Fries,Food,99593
4842,2026-02-09,Customer_76,Biryani,Food,N/A
4843,2026-02-12,Customer_20,Pizza,Food,54651
4844,2026-04-27,Customer_40,Fries,Food,13779
4845,2026-03-31,Customer_110,Combo,Food,53963
4846,2026-02-07,Customer_474,Roll,Food,86032
4847,2026-01-28,,Roll,Food,21569
4848,2026-01-26,Customer_414,Burger,Food,75462
4849,2026-03-23,Customer_289,Combo,Food,67736
4850,2026-02-12,,Sandwich,Food,52310
4851,2026-01-23,Customer_188,Fries,Food,74079
4852,2026-03-03,Customer_608,Combo,Food,N/A
4853,2026-04-02,Customer_768,Sandwich,Food,N/A
4854,2026-01-21,Customer_421,Pasta,Food,70406
4855,2026-02-27,Customer_27,Roll,Food,88689
4856,2026-03-20,Customer_671,Pizza,Food,47041
4857,2026-04-27,Customer_557,Biryani,Food,67011
4858,2026-03-21,Customer_337,Sandwich,Food,3005rs
4859,2026-04-01,Customer_510,Pizza,Food,73771
4860,2026-02-28,Customer_189,Burger,Food,83338
4861,2026-03-27,Customer_223,Pizza,Food,N/A
4862,2026-01-09,Customer_261,Biryani,Food,15789
4863,2026-03-22,Customer_51,Roll,Food,66974
4864,2026-03-21,Customer_487,Pizza,Food,83394
4865,2026-03-14,Customer_454,Pizza,Food,24114
4866,2026-04-17,Customer_636,Burger,Food,36686
4867,2026-04-01,,Combo,Food,26890
4868,2026-04-13,Customer_182,Pasta,Food,56167
4869,2026-02-17,Customer_716,Combo,Food,44271
4870,2026-03-03,Customer_403,Combo,Food,68412
4871,2026-03-23,Customer_243,Roll,Food,22097
4872,2026-04-19,Customer_41,Roll,Food,24127
4873,2026-03-19,Customer_67,Burger,Food,43629
4874,2026-02-23,Customer_33,Burger,Food,24518
4875,2026-04-07,Customer_384,Biryani,Food,37675
4876,2026-04-20,Customer_148,Combo,Food,18833
4877,2026-04-23,Customer_141,Sandwich,Food,14836
4878,2026-02-01,Customer_436,,Food,70021
4879,2026-02-10,Customer_773,Pizza,Food,58400
4880,2026-02-16,Customer_563,Biryani,food,37177
4881,2026-02-07,Customer_176,Sandwich,Food,73451
4882,2026-03-21,Customer_678,,Food,2416
4883,2026-01-31,Customer_251,Combo,Food,33057
4884,2026-01-15,Customer_217,Pasta,Food,34866
4885,2026-02-06,Customer_726,Pasta,Food,85657
4886,2026-04-15,Customer_677,Fries,Food,23579
4887,2026-04-06,Customer_25,Pasta,Food,8425
4888,2026-02-01,Customer_190,Fries,Food,56967
4889,2026-02-21,Customer_295,Biryani,Food,18983
4890,2026-02-17,Customer_646,Fries,Food,N/A
4891,2026-03-31,Customer_375,Fries,Food,17338
4892,2026-01-23,,,Food,51717
4893,2026-03-08,Customer_798,Fries,Food,76470
4894,2026-02-21,Customer_317,Combo,Food,81410
4895,2026-02-02,Customer_204,Combo,Food,6328
4896,2026-04-09,Customer_170,Pasta,Food,69047rs
4897,2026-03-25,Customer_508,Roll,Food,98924rs
4898,2026-02-15,Customer_139,Fries,Food,78389
4899,2026-01-10,Customer_259,Combo,Food,40371
4900,2026-04-08,Customer_606,Sandwich,Food,80027rs
4901,2026-01-15,Customer_128,Pasta,Food,3886
4902,2026-02-25,Customer_299,Biryani,Food,96188
4903,2026-02-14,Customer_63,Combo,Food,61762
4904,2026-01-10,Customer_95,Biryani,Food,10190
4905,2026-01-30,Customer_435,Sandwich,Food,42688
4906,2026-04-30,Customer_213,Combo,Food,11128
4907,2026-02-14,Customer_82,Fries,Food,3484
4908,2026-01-13,Customer_759,Sandwich,Food,72010
4909,2026-01-10,Customer_681,Pasta,Food,91822
4910,2026-02-25,Customer_605,Biryani,Food,4640
4911,2026-01-21,Customer_761,Pizza,Food,35753
4912,2026-02-22,Customer_144,Sandwich,food,91154
4913,2026-01-03,Customer_17,Burger,food,39471
4914,2026-01-20,Customer_536,Biryani,food,3180
4915,2026-03-18,Customer_660,Biryani,Food,76741
4916,2026-05-01,,Burger,Food,49186
4917,2026-01-09,Customer_213,Pasta,Food,28335
4918,2026-03-16,Customer_142,Pasta,Food,46376
4919,2026-02-18,Customer_23,Combo,Food,82935
4920,2026-03-26,Customer_343,Roll,Food,18507
4921,2026-04-18,Customer_640,Combo,Food,18410
4922,2026-01-04,Customer_681,Biryani,Food,26448
4923,2026-01-28,Customer_21,Burger,Food,12183
4924,2026-03-20,,Pizza,Food,56248
4925,2026-04-10,Customer_469,Sandwich,Food,75869
4926,2026-02-16,Customer_113,,Food,15312
4927,2026-02-11,Customer_782,Burger,Food,17698
4928,2026-02-24,Customer_66,Fries,Food,12339
4929,2026-02-08,Customer_86,Roll,Food,69083
4930,2026-02-09,Customer_378,Burger,Food,2975
4931,2026-01-28,Customer_197,Combo,Food,23213
4932,2026-05-01,Customer_450,,Food,55486
4933,2026-01-23,Customer_793,Combo,Food,27405
4934,2026-02-20,Customer_201,Sandwich,Food,81385
4935,2026-01-28,Customer_594,Burger,Food,37582
4936,2026-03-17,Customer_306,Biryani,Food,80549
4937,2026-02-12,Customer_431,Pasta,Food,14687
4938,2026-02-20,Customer_485,Roll,Food,94604
4939,2026-02-01,Customer_295,,Food,54914
4940,2026-02-12,Customer_314,Combo,Food,11706
4941,2026-01-26,Customer_396,Combo,Food,72055
4942,2026-03-11,Customer_769,Combo,Food,20528
4943,2026-04-11,Customer_388,Burger,Food,90384
4944,2026-01-22,Customer_14,Biryani,Food,63724
4945,2026-03-22,Customer_545,Biryani,food,42554
4946,2026-04-11,Customer_385,Burger,Food,29061
4947,2026-02-21,Customer_664,Pasta,Food,56556
4948,2026-02-20,Customer_742,Roll,Food,64913rs
4949,2026-02-03,Customer_621,Fries,Food,93064rs
4950,2026-01-16,Customer_137,,Food,16081
4951,2026-03-21,Customer_664,Fries,Food,40785
4952,2026-02-17,Customer_419,Sandwich,Food,99661
4953,2026-03-07,Customer_652,Combo,Food,84614
4954,2026-04-21,Customer_356,Burger,Food,37887
4955,2026-04-08,Customer_343,Pasta,Food,40059
4956,2026-01-31,Customer_733,Burger,Food,2821
4957,2026-02-05,Customer_368,Biryani,Food,49249
4958,2026-01-18,Customer_10,Roll,Food,36568
4959,2026-04-08,Customer_515,Burger,food,2640
4960,2026-02-07,Customer_167,Pasta,Food,20555
4961,2026-03-12,Customer_519,Burger,Food,22484
4962,2026-02-17,Customer_235,Biryani,Food,27407
4963,2026-02-28,Customer_178,Fries,Food,94337
4964,2026-02-24,Customer_165,Burger,food,69157
4965,2026-03-01,Customer_236,Combo,Food,N/Ars
4966,2026-01-04,Customer_129,Pizza,Food,18973
4967,2026-02-17,Customer_322,Biryani,Food,80008
4968,2026-03-25,Customer_226,Pizza,Food,77297
4969,2026-02-07,Customer_612,,Food,40534
4970,2026-04-23,Customer_374,Burger,Food,22317
4971,2026-01-14,Customer_105,Pasta,Food,81219
4972,2026-02-16,,,food,45095
4973,2026-01-03,Customer_129,Combo,Food,82154
4974,2026-01-21,Customer_474,Sandwich,Food,98631
4975,2026-02-13,Customer_800,Sandwich,Food,N/A
4976,2026-04-04,Customer_417,Biryani,Food,53526
4977,2026-01-10,Customer_633,Fries,Food,95339
4978,2026-02-03,Customer_40,Combo,Food,68031
4979,2026-02-14,Customer_453,Biryani,Food,8090
4980,2026-03-11,Customer_149,Pizza,Food,N/A
4981,2026-03-13,Customer_523,Sandwich,Food,3121
4982,2026-01-29,Customer_81,Biryani,Food,N/A
4983,2026-02-23,Customer_348,Pizza,Food,25894
4984,2026-02-13,Customer_209,Sandwich,Food,37599
4985,2026-04-15,Customer_577,Pizza,Food,56933
4986,2026-02-03,Customer_367,Burger,Food,63956
4987,2026-04-14,Customer_411,Pasta,Food,26914
4988,2026-04-29,Customer_203,Combo,Food,72616
4989,2026-03-29,Customer_598,Pizza,Food,61165
4990,2026-02-06,Customer_3,Burger,Food,37659
4991,2026-04-20,Customer_446,Pizza,Food,16547
4992,2026-04-24,Customer_493,Fries,Food,12950
4993,2026-04-16,Customer_600,Pizza,Food,32506
4994,2026-01-23,Customer_504,Fries,Food,80085
4995,2026-04-28,Customer_247,Pizza,Food,2229
4996,2026-02-05,,Roll,Food,56105
4997,2026-04-20,Customer_212,Pasta,Food,49556
4998,2026-03-13,Customer_311,Combo,Food,61693
4999,2026-04-25,Customer_330,Fries,Food,6886
5000,2026-01-22,Customer_635,Pasta,Food,21617
2019,2026-04-11,Customer_535,Fries,Food,97205
322,2026-02-16,Customer_391,Pizza,Food,46310
1257,2026-02-13,Customer_217,Burger,Food,68791
4929,2026-02-08,Customer_86,Roll,Food,69083
2278,2026-03-15,Customer_430,Burger,Food,96995
3819,2026-02-04,Customer_748,Fries,Food,96102
3291,2026-04-26,Customer_398,Pizza,Food,56982
443,2026-03-14,Customer_556,Combo,Food,48166
1902,2026-03-09,Customer_507,Biryani,Food,11871
3385,2026-01-11,Customer_255,Roll,Food,9425
223,2026-03-28,Customer_304,Roll,Food,84703
1281,2026-02-25,Customer_744,Burger,Food,85836
1115,2026-03-29,Customer_277,Fries,Food,39673
1354,2026-03-22,Customer_777,Biryani,Food,1273
712,2026-04-01,Customer_136,,Food,7021
2915,2026-02-05,Customer_247,Sandwich,Food,36685
1424,2026-04-20,Customer_612,Fries,Food,80367
269,2026-04-20,Customer_208,Biryani,Food,67247
1604,2026-04-07,Customer_650,Pizza,Food,65565
1655,2026-01-29,Customer_13,Biryani,food,49043
4815,2026-03-26,Customer_401,Biryani,Food,16014
1672,2026-03-24,Customer_29,,food,73701
3304,2026-02-16,Customer_14,Pasta,Food,30216
3283,2026-03-02,Customer_196,Fries,Food,26850
1850,2026-01-03,Customer_683,Biryani,Food,4818
1352,2026-03-29,Customer_322,Burger,Food,55544
3424,2026-01-05,Customer_796,Pizza,Food,91031
4786,2026-01-27,Customer_646,Sandwich,Food,38837
249,2026-04-28,Customer_493,Fries,Food,64901
4373,2026-01-21,Customer_151,Fries,food,84549
915,2026-01-06,Customer_243,Sandwich,Food,11428
4141,2026-03-05,Customer_779,Sandwich,Food,59424
4648,2026-03-23,,Pasta,Food,35609
3773,2026-01-11,,Biryani,Food,N/A
2203,2026-01-05,Customer_170,,Food,59638
2781,2026-02-05,Customer_256,Sandwich,Food,83417
329,2026-04-03,Customer_145,Biryani,Food,21577
3695,2026-03-10,Customer_577,Burger,Food,18841
4181,2026-02-13,,Biryani,Food,37515rs
1671,2026-02-25,Customer_632,Fries,Food,64806
4274,2026-02-23,,Combo,Food,29294
4939,2026-02-01,Customer_295,,Food,54914
4214,2026-01-08,Customer_73,Pasta,Food,77562
4457,2026-03-02,Customer_544,Fries,Food,51471
825,2026-02-19,Customer_296,Pizza,Food,9476
4673,2026-03-07,Customer_151,Burger,Food,52929
451,2026-03-29,Customer_659,Burger,Food,4917
334,2026-03-31,Customer_760,Roll,Food,37825rs
2048,2026-03-23,Customer_19,,Food,30724
3754,2026-03-10,Customer_2,Biryani,Food,43266
1866,2026-02-21,Customer_605,Pizza,Food,16629
4638,2026-01-13,Customer_490,Sandwich,Food,29641
2000,2026-03-20,Customer_645,Pizza,Food,30765
4444,2026-01-08,Customer_582,Burger,Food,31514
2217,2026-04-10,Customer_419,Pasta,Food,19654
3896,2026-04-07,Customer_566,Sandwich,Food,80687
2985,2026-03-21,Customer_216,Sandwich,Food,87968
2126,2026-02-12,,Fries,Food,98623
78,2026-04-03,Customer_670,Combo,food,42877
4992,2026-04-24,Customer_493,Fries,Food,12950
3528,2026-02-21,Customer_576,Sandwich,Food,28430
28,2026-02-12,Customer_719,Sandwich,Food,27109
4187,2026-03-05,Customer_354,Biryani,Food,51475
2956,2026-01-22,,,Food,77855
4391,2026-03-02,Customer_84,Biryani,Food,47144
710,2026-01-26,Customer_323,,Food,31932
3067,2026-02-08,Customer_636,Roll,Food,70046
1422,2026-01-06,Customer_117,Combo,Food,4053
4255,2026-02-22,Customer_136,Biryani,Food,N/A
701,2026-03-09,Customer_516,Biryani,Food,67441rs
2464,2026-03-15,Customer_37,Pizza,Food,47627
2970,2026-04-01,,Combo,Food,47069
940,2026-04-07,Customer_490,Sandwich,Food,18664
3456,2026-02-14,Customer_644,Pasta,food,75003
1959,2026-02-28,Customer_10,Pasta,Food,31092
4174,2026-04-07,,Pizza,Food,59435rs
1494,2026-01-01,Customer_436,Pizza,Food,2888
1889,2026-01-10,Customer_581,Fries,Food,24082
2064,2026-03-13,Customer_448,Combo,Food,47538
2903,2026-03-14,Customer_487,Fries,Food,88572
3034,2026-02-28,Customer_618,Roll,Food,88708
2677,2026-01-10,Customer_223,Fries,Food,15977
620,2026-01-04,Customer_559,Roll,Food,N/Ars
1645,2026-01-03,Customer_355,Pasta,food,54738
1610,2026-04-04,Customer_343,Pasta,Food,18645
1948,2026-01-10,Customer_371,Roll,Food,69703
3793,2026-04-17,Customer_232,Combo,food,59153
4807,2026-03-24,Customer_716,Sandwich,Food,9227
144,2026-04-22,Customer_50,Sandwich,Food,N/A
959,2026-02-23,Customer_712,Burger,Food,94197
1553,2026-01-11,Customer_274,Roll,Food,10004
4629,2026-05-01,Customer_99,Biryani,Food,41876
1616,2026-01-19,,,Food,89180
1637,2026-01-11,Customer_533,Biryani,Food,59363
4693,2026-03-03,Customer_393,Combo,Food,95192
602,2026-01-07,Customer_147,Combo,Food,94447
1215,2026-02-17,Customer_721,Pizza,Food,81266
1901,2026-01-27,Customer_367,Roll,Food,89698
2632,2026-02-20,Customer_675,Combo,Food,51900
3389,2026-03-06,Customer_359,Fries,Food,26151
2402,2026-01-25,Customer_434,Pasta,Food,2320
4793,2026-02-16,Customer_197,Pizza,Food,9700
2935,2026-04-23,Customer_81,Sandwich,Food,98365
867,2026-04-06,Customer_38,Biryani,Food,87378
92,2026-04-03,Customer_709,Combo,Food,27979
3093,2026-03-12,Customer_212,Roll,Food,99409
3296,2026-03-24,Customer_85,Burger,Food,77953
278,2026-01-06,Customer_113,Roll,Food,26603
4022,2026-03-10,,Combo,Food,4823
173,2026-03-21,,Roll,Food,3541
1192,2026-02-21,Customer_157,Sandwich,Food,52142
4982,2026-01-29,Customer_81,Biryani,Food,N/A
2646,2026-01-31,Customer_34,Sandwich,Food,70559
3108,2026-04-18,Customer_10,,Food,87214
4413,2026-03-16,Customer_291,Biryani,Food,55950
3018,2026-03-20,Customer_636,Roll,Food,7036
722,2026-01-21,Customer_12,Roll,Food,15209
3055,2026-02-26,Customer_195,Pasta,Food,41696
2367,2026-04-22,Customer_375,,Food,N/A
2731,2026-04-04,Customer_239,Pizza,Food,30275
2922,2026-04-05,Customer_180,Fries,Food,58911
3318,2026-01-28,Customer_360,Pasta,Food,80822
830,2026-04-02,Customer_487,Sandwich,food,47787
4508,2026-01-09,Customer_289,Fries,Food,74080
2655,2026-01-15,Customer_58,Pizza,Food,75354
2534,2026-04-27,Customer_250,Biryani,Food,65784
3911,2026-03-01,Customer_286,Combo,Food,36193
379,2026-02-08,Customer_540,Pizza,Food,53215
1786,2026-02-10,Customer_105,Pasta,Food,84965
2767,2026-03-14,Customer_388,Pasta,Food,51203
1595,2026-03-30,Customer_356,Pizza,Food,N/A
4452,2026-03-05,Customer_14,Combo,Food,34347
1061,2026-02-09,Customer_192,Biryani,Food,35849
83,2026-01-17,Customer_312,Pasta,Food,88587
4894,2026-02-21,Customer_317,Combo,Food,81410
1326,2026-01-07,Customer_562,Biryani,Food,43247
187,2026-03-11,Customer_325,Pasta,Food,10534
1426,2026-03-22,,Burger,Food,19816
571,2026-01-11,,Combo,Food,17136
3238,2026-02-09,Customer_450,Roll,Food,31925
1399,2026-03-12,Customer_233,Sandwich,Food,97159
649,2026-01-16,Customer_226,Burger,Food,64636
1063,2026-03-31,Customer_504,Biryani,Food,12021
2685,2026-03-23,Customer_415,Combo,Food,16535
3075,2026-04-21,Customer_156,Fries,Food,55430
1818,2026-04-09,Customer_37,Fries,Food,61903
4310,2026-04-29,Customer_418,Burger,Food,62293
2061,2026-04-05,Customer_89,Burger,Food,79117
3918,2026-02-14,Customer_273,Biryani,food,47803
1273,2026-02-04,Customer_721,Biryani,Food,81828
2807,2026-04-16,Customer_786,Biryani,Food,97653
502,2026-03-05,,Biryani,Food,26153
2910,2026-01-19,Customer_193,,Food,66876
709,2026-01-16,Customer_216,Roll,Food,98818
30,2026-03-10,Customer_789,Sandwich,Food,87951rs
1624,2026-03-14,Customer_365,Roll,Food,63339
432,2026-03-10,Customer_24,Burger,Food,28686
2557,2026-04-24,Customer_790,Roll,Food,20373
2045,2026-02-25,,Pizza,Food,8520
206,2026-04-20,Customer_429,Burger,Food,82402
2688,2026-03-18,Customer_160,Pasta,Food,60368
2276,2026-04-17,Customer_358,Sandwich,Food,N/A
2508,2026-01-14,Customer_357,Pizza,Food,70124
4071,2026-03-25,Customer_490,Pizza,Food,32572
3828,2026-02-26,Customer_637,Roll,Food,98749
211,2026-04-02,Customer_429,Pasta,Food,22933
879,2026-03-16,,Biryani,Food,60709
1938,2026-02-20,Customer_567,Fries,Food,95977
3448,2026-03-29,Customer_774,,Food,N/A
1895,2026-04-14,Customer_135,Combo,Food,31408
1461,2026-01-03,Customer_159,Biryani,Food,54027
4568,2026-01-07,Customer_214,Burger,Food,58496
4903,2026-02-14,Customer_63,Combo,Food,61762
3446,2026-04-24,Customer_400,Burger,Food,9466
640,2026-04-23,Customer_69,Pizza,Food,85951
2873,2026-04-06,Customer_323,Sandwich,Food,39645
3617,2026-03-10,Customer_229,Burger,Food,29630
2615,2026-03-12,Customer_430,Sandwich,Food,12678
4645,2026-02-24,Customer_631,Roll,Food,76062
4625,2026-01-14,,Roll,food,24929
390,2026-04-19,Customer_111,Biryani,Food,N/A
1448,2026-01-15,Customer_152,Combo,Food,11943
1334,2026-03-15,Customer_416,Biryani,Food,51893
3777,2026-03-04,Customer_497,Pizza,Food,15290
3309,2026-02-01,Customer_174,Pizza,Food,50398
1036,2026-02-02,Customer_648,Fries,Food,12744
4384,2026-02-06,Customer_500,Burger,Food,50932
1217,2026-04-26,Customer_798,Sandwich,Food,42192
3235,2026-03-05,Customer_631,Pasta,food,73699
133,2026-02-01,Customer_572,Pasta,Food,34630
3070,2026-04-27,Customer_633,Sandwich,Food,94641
1018,2026-02-07,Customer_412,Pizza,Food,47094
906,2026-01-05,Customer_60,Combo,Food,5267rs
125,2026-01-27,Customer_172,Sandwich,Food,66559
2409,2026-02-01,Customer_38,Combo,Food,48304
2496,2026-03-08,Customer_595,,Food,51185
2771,2026-02-16,Customer_507,Sandwich,Food,36547rs
1669,2026-02-21,Customer_384,Pasta,Food,55183
1636,2026-03-13,Customer_724,Sandwich,Food,5793
4548,2026-01-02,Customer_383,Pasta,Food,14251
